-- phpMyAdmin SQL Dump
-- http://www.phpmyadmin.net
--
-- 生成日期: 2017 年 07 月 06 日 10:58

SET SQL_MODE="NO_AUTO_VALUE_ON_ZERO";
SET time_zone = "+00:00";


/*!40101 SET @OLD_CHARACTER_SET_CLIENT=@@CHARACTER_SET_CLIENT */;
/*!40101 SET @OLD_CHARACTER_SET_RESULTS=@@CHARACTER_SET_RESULTS */;
/*!40101 SET @OLD_COLLATION_CONNECTION=@@COLLATION_CONNECTION */;
/*!40101 SET NAMES utf8 */;

--
-- 数据库: `XDObuzktHaYemrcMmZhV`
--

-- --------------------------------------------------------

--
-- 表的结构 `auth_group`
--

CREATE TABLE IF NOT EXISTS `auth_group` (
  `id` int(11) NOT NULL AUTO_INCREMENT,
  `name` varchar(80) NOT NULL,
  PRIMARY KEY (`id`),
  UNIQUE KEY `name` (`name`)
) ENGINE=MyISAM DEFAULT CHARSET=utf8 AUTO_INCREMENT=1 ;

-- --------------------------------------------------------

--
-- 表的结构 `auth_group_permissions`
--

CREATE TABLE IF NOT EXISTS `auth_group_permissions` (
  `id` int(11) NOT NULL AUTO_INCREMENT,
  `group_id` int(11) NOT NULL,
  `permission_id` int(11) NOT NULL,
  PRIMARY KEY (`id`),
  UNIQUE KEY `group_id` (`group_id`,`permission_id`),
  KEY `auth_group_permissions_5f412f9a` (`group_id`),
  KEY `auth_group_permissions_83d7f98b` (`permission_id`)
) ENGINE=MyISAM DEFAULT CHARSET=utf8 AUTO_INCREMENT=1 ;

-- --------------------------------------------------------

--
-- 表的结构 `auth_permission`
--

CREATE TABLE IF NOT EXISTS `auth_permission` (
  `id` int(11) NOT NULL AUTO_INCREMENT,
  `name` varchar(50) NOT NULL,
  `content_type_id` int(11) NOT NULL,
  `codename` varchar(100) NOT NULL,
  PRIMARY KEY (`id`),
  UNIQUE KEY `content_type_id` (`content_type_id`,`codename`),
  KEY `auth_permission_37ef4eb4` (`content_type_id`)
) ENGINE=MyISAM  DEFAULT CHARSET=utf8 AUTO_INCREMENT=40 ;

--
-- 转存表中的数据 `auth_permission`
--

INSERT INTO `auth_permission` (`id`, `name`, `content_type_id`, `codename`) VALUES
(1, 'Can add permission', 1, 'add_permission'),
(2, 'Can change permission', 1, 'change_permission'),
(3, 'Can delete permission', 1, 'delete_permission'),
(4, 'Can add group', 2, 'add_group'),
(5, 'Can change group', 2, 'change_group'),
(6, 'Can delete group', 2, 'delete_group'),
(7, 'Can add user', 3, 'add_user'),
(8, 'Can change user', 3, 'change_user'),
(9, 'Can delete user', 3, 'delete_user'),
(10, 'Can add content type', 4, 'add_contenttype'),
(11, 'Can change content type', 4, 'change_contenttype'),
(12, 'Can delete content type', 4, 'delete_contenttype'),
(13, 'Can add session', 5, 'add_session'),
(14, 'Can change session', 5, 'change_session'),
(15, 'Can delete session', 5, 'delete_session'),
(16, 'Can add site', 6, 'add_site'),
(17, 'Can change site', 6, 'change_site'),
(18, 'Can delete site', 6, 'delete_site'),
(19, 'Can add log entry', 7, 'add_logentry'),
(20, 'Can change log entry', 7, 'change_logentry'),
(21, 'Can delete log entry', 7, 'delete_logentry'),
(22, 'Can add 客户', 8, 'add_customer'),
(23, 'Can change 客户', 8, 'change_customer'),
(24, 'Can delete 客户', 8, 'delete_customer'),
(25, 'Can add 产品', 9, 'add_product'),
(26, 'Can change 产品', 9, 'change_product'),
(27, 'Can delete 产品', 9, 'delete_product'),
(28, 'Can add 租借', 10, 'add_rent'),
(29, 'Can change 租借', 10, 'change_rent'),
(30, 'Can delete 租借', 10, 'delete_rent'),
(31, 'Can add 租借明细', 11, 'add_rentdetail'),
(32, 'Can change 租借明细', 11, 'change_rentdetail'),
(33, 'Can delete 租借明细', 11, 'delete_rentdetail'),
(34, 'Can add 归还', 12, 'add_revert'),
(35, 'Can change 归还', 12, 'change_revert'),
(36, 'Can delete 归还', 12, 'delete_revert'),
(37, 'Can add 归还明细', 13, 'add_revertdetail'),
(38, 'Can change 归还明细', 13, 'change_revertdetail'),
(39, 'Can delete 归还明细', 13, 'delete_revertdetail');

-- --------------------------------------------------------

--
-- 表的结构 `auth_user`
--

CREATE TABLE IF NOT EXISTS `auth_user` (
  `id` int(11) NOT NULL AUTO_INCREMENT,
  `password` varchar(128) NOT NULL,
  `last_login` datetime NOT NULL,
  `is_superuser` tinyint(1) NOT NULL,
  `username` varchar(30) NOT NULL,
  `first_name` varchar(30) NOT NULL,
  `last_name` varchar(30) NOT NULL,
  `email` varchar(75) NOT NULL,
  `is_staff` tinyint(1) NOT NULL,
  `is_active` tinyint(1) NOT NULL,
  `date_joined` datetime NOT NULL,
  PRIMARY KEY (`id`),
  UNIQUE KEY `username` (`username`)
) ENGINE=MyISAM  DEFAULT CHARSET=utf8 AUTO_INCREMENT=2 ;

--
-- 转存表中的数据 `auth_user`
--

INSERT INTO `auth_user` (`id`, `password`, `last_login`, `is_superuser`, `username`, `first_name`, `last_name`, `email`, `is_staff`, `is_active`, `date_joined`) VALUES
(1, 'pbkdf2_sha256$20000$0EYAjMwGGJ4a$0POtz7EiFYqqOLY7GptJJCTSWI6ceGQzL3h/08fu34A=', '2017-07-06 02:55:42', 1, 'xuzhongxia', '', '', 'xuzhongxia@163.com', 1, 1, '2014-04-15 02:26:32');

-- --------------------------------------------------------

--
-- 表的结构 `auth_user_groups`
--

CREATE TABLE IF NOT EXISTS `auth_user_groups` (
  `id` int(11) NOT NULL AUTO_INCREMENT,
  `user_id` int(11) NOT NULL,
  `group_id` int(11) NOT NULL,
  PRIMARY KEY (`id`),
  UNIQUE KEY `user_id` (`user_id`,`group_id`),
  KEY `auth_user_groups_6340c63c` (`user_id`),
  KEY `auth_user_groups_5f412f9a` (`group_id`)
) ENGINE=MyISAM DEFAULT CHARSET=utf8 AUTO_INCREMENT=1 ;

-- --------------------------------------------------------

--
-- 表的结构 `auth_user_user_permissions`
--

CREATE TABLE IF NOT EXISTS `auth_user_user_permissions` (
  `id` int(11) NOT NULL AUTO_INCREMENT,
  `user_id` int(11) NOT NULL,
  `permission_id` int(11) NOT NULL,
  PRIMARY KEY (`id`),
  UNIQUE KEY `user_id` (`user_id`,`permission_id`),
  KEY `auth_user_user_permissions_6340c63c` (`user_id`),
  KEY `auth_user_user_permissions_83d7f98b` (`permission_id`)
) ENGINE=MyISAM DEFAULT CHARSET=utf8 AUTO_INCREMENT=1 ;

-- --------------------------------------------------------

--
-- 表的结构 `django_admin_log`
--

CREATE TABLE IF NOT EXISTS `django_admin_log` (
  `id` int(11) NOT NULL AUTO_INCREMENT,
  `action_time` datetime NOT NULL,
  `user_id` int(11) NOT NULL,
  `content_type_id` int(11) DEFAULT NULL,
  `object_id` longtext,
  `object_repr` varchar(200) NOT NULL,
  `action_flag` smallint(5) unsigned NOT NULL,
  `change_message` longtext NOT NULL,
  PRIMARY KEY (`id`),
  KEY `django_admin_log_6340c63c` (`user_id`),
  KEY `django_admin_log_37ef4eb4` (`content_type_id`)
) ENGINE=MyISAM  DEFAULT CHARSET=utf8 AUTO_INCREMENT=1194 ;

--
-- 转存表中的数据 `django_admin_log`
--

INSERT INTO `django_admin_log` (`id`, `action_time`, `user_id`, `content_type_id`, `object_id`, `object_repr`, `action_flag`, `change_message`) VALUES
(1, '2014-04-15 02:56:52', 1, 9, '1', '钢管', 1, ''),
(2, '2014-04-15 02:57:06', 1, 8, '1', '徐迎春', 1, ''),
(3, '2014-04-15 02:57:25', 1, 10, '1', '徐迎春', 1, ''),
(4, '2014-04-15 02:58:17', 1, 10, '2', '徐迎春', 1, ''),
(5, '2014-04-18 06:50:37', 1, 8, '2', '邵笑', 1, ''),
(6, '2014-04-18 06:51:35', 1, 10, '2', '徐迎春 [钢管 1300米]', 2, '没有字段被修改。'),
(7, '2014-04-18 06:52:17', 1, 10, '3', '邵笑 [钢管 234米]', 1, ''),
(8, '2014-04-18 12:16:24', 1, 12, '1', '徐迎春 [钢管 10米]', 1, ''),
(9, '2014-04-22 13:16:01', 1, 8, '3', 'SHAOZEHU', 1, ''),
(10, '2014-04-22 13:16:26', 1, 10, '4', 'SHAOZEHU [钢管 123米]', 1, ''),
(11, '2014-04-22 13:18:27', 1, 10, '4', 'SHAOZEHU [钢管 1000米]', 2, '已变更 quantity for 租借明细 "钢管 1000米".'),
(12, '2014-04-22 13:24:45', 1, 9, '1', '钢管', 2, '没有字段被修改。'),
(13, '2014-04-22 13:25:10', 1, 9, '2', '扣件', 1, ''),
(14, '2014-04-22 13:25:43', 1, 8, '4', '耿车', 1, ''),
(15, '2014-04-22 13:27:23', 1, 8, '4', '耿车', 3, ''),
(16, '2014-04-22 13:27:23', 1, 8, '3', 'SHAOZEHU', 3, ''),
(17, '2014-04-22 13:27:23', 1, 8, '2', '邵笑', 3, ''),
(18, '2014-04-22 13:27:23', 1, 8, '1', '徐迎春', 3, ''),
(19, '2014-04-22 13:30:54', 1, 8, '5', '耿车', 1, ''),
(20, '2014-04-22 13:32:18', 1, 10, '5', '耿车 [钢管 560米]', 1, ''),
(21, '2014-04-22 13:36:04', 1, 12, '2', '耿车 [钢管 520米]', 1, ''),
(22, '2014-04-22 13:36:04', 1, 12, '3', '耿车 [钢管 520米]', 1, ''),
(23, '2014-04-22 13:36:53', 1, 12, '3', '耿车 [钢管 520米]', 3, ''),
(24, '2014-04-22 13:53:04', 1, 8, '6', '张', 1, ''),
(25, '2014-04-22 13:53:36', 1, 8, '6', '张', 3, ''),
(26, '2014-04-22 13:58:13', 1, 10, '6', '耿车 [钢管 56米]', 1, ''),
(27, '2014-04-22 13:59:13', 1, 10, '7', '耿车 [钢管 56米]', 1, ''),
(28, '2014-04-22 13:59:52', 1, 10, '8', '耿车 [钢管 450米]', 1, ''),
(29, '2014-04-22 14:00:56', 1, 10, '9', '耿车 [钢管 123米]', 1, ''),
(30, '2014-04-22 14:02:46', 1, 12, '2', '耿车 [钢管 520米]', 3, ''),
(31, '2014-04-22 14:03:25', 1, 12, '4', '耿车 [钢管 520米]', 1, ''),
(32, '2014-04-23 08:19:50', 1, 10, '9', '耿车 [钢管 123米]', 3, ''),
(33, '2014-04-23 08:19:50', 1, 10, '8', '耿车 [钢管 450米]', 3, ''),
(34, '2014-04-23 08:19:50', 1, 10, '7', '耿车 [钢管 56米]', 3, ''),
(35, '2014-04-23 08:19:50', 1, 10, '6', '耿车 [钢管 56米]', 3, ''),
(36, '2014-04-23 08:19:50', 1, 10, '5', '耿车 [钢管 560米]', 3, ''),
(37, '2014-04-23 08:21:27', 1, 12, '4', '耿车 [钢管 520米]', 3, ''),
(38, '2014-04-23 08:24:57', 1, 10, '10', '耿车 [钢管 560米]', 1, ''),
(39, '2014-04-23 08:25:42', 1, 10, '11', '耿车 [钢管 30米]', 1, ''),
(40, '2014-04-23 08:26:09', 1, 10, '12', '耿车 [钢管 7890米]', 1, ''),
(41, '2014-04-23 08:26:58', 1, 10, '12', '耿车 [钢管 7890米]', 3, ''),
(42, '2014-04-23 08:26:58', 1, 10, '11', '耿车 [钢管 30米]', 3, ''),
(43, '2014-04-23 08:26:58', 1, 10, '10', '耿车 [钢管 560米]', 3, ''),
(44, '2014-04-23 12:16:25', 1, 8, '7', '曹集郭', 1, ''),
(45, '2014-04-23 12:17:32', 1, 10, '13', '曹集郭 [扣件 900个]', 1, ''),
(46, '2014-04-23 12:18:36', 1, 10, '14', '曹集郭 [钢管 1800米]', 1, ''),
(47, '2014-04-23 12:19:16', 1, 10, '15', '曹集郭 [钢管 300米]', 1, ''),
(48, '2014-04-23 12:19:55', 1, 10, '16', '曹集郭 [钢管 100米]', 1, ''),
(49, '2014-04-23 12:20:49', 1, 10, '16', '曹集郭 [钢管 100米]', 3, ''),
(50, '2014-04-23 12:21:58', 1, 10, '17', '曹集郭 [钢管 1000米]', 1, ''),
(51, '2014-04-23 12:22:45', 1, 10, '18', '曹集郭 [钢管 1800米]', 1, ''),
(52, '2014-04-23 12:25:22', 1, 10, '19', '曹集郭 [钢管 1000米]', 1, ''),
(53, '2014-04-23 12:26:00', 1, 10, '20', '曹集郭 [钢管 1800米]', 1, ''),
(54, '2014-04-23 12:26:03', 1, 10, '21', '曹集郭 [钢管 1800米]', 1, ''),
(55, '2014-04-23 12:26:40', 1, 10, '22', '曹集郭 [钢管 89米]', 1, ''),
(56, '2014-04-23 12:27:06', 1, 10, '23', '曹集郭 [钢管 795米]', 1, ''),
(57, '2014-04-23 12:28:21', 1, 10, '20', '曹集郭 [钢管 1800米]', 3, ''),
(58, '2014-04-23 12:28:21', 1, 10, '19', '曹集郭 [钢管 1000米]', 3, ''),
(59, '2014-04-23 12:29:26', 1, 12, '5', '曹集郭 [钢管 819米]', 1, ''),
(60, '2014-04-23 12:31:15', 1, 10, '13', '曹集郭 [扣件 900个]', 3, ''),
(61, '2014-04-23 12:32:04', 1, 10, '24', '曹集郭 [钢管 900米]', 1, ''),
(62, '2014-04-23 12:33:11', 1, 12, '6', '曹集郭 [钢管 5726米]', 1, ''),
(63, '2014-04-23 12:34:31', 1, 10, '21', '曹集郭 [钢管 1800米]', 3, ''),
(64, '2014-04-23 12:39:34', 1, 9, '2', '扣件', 3, ''),
(65, '2014-04-23 12:41:28', 1, 9, '3', '扣件', 1, ''),
(66, '2014-04-23 12:41:30', 1, 9, '4', '扣件', 1, ''),
(67, '2014-04-23 12:41:31', 1, 9, '5', '扣件', 1, ''),
(68, '2014-04-23 12:41:31', 1, 9, '6', '扣件', 1, ''),
(69, '2014-04-23 12:41:32', 1, 9, '7', '扣件', 1, ''),
(70, '2014-04-23 12:41:32', 1, 9, '8', '扣件', 1, ''),
(71, '2014-04-23 12:41:32', 1, 9, '9', '扣件', 1, ''),
(72, '2014-04-23 12:42:10', 1, 9, '9', '扣件', 3, ''),
(73, '2014-04-23 12:42:10', 1, 9, '8', '扣件', 3, ''),
(74, '2014-04-23 12:42:10', 1, 9, '7', '扣件', 3, ''),
(75, '2014-04-23 12:42:10', 1, 9, '6', '扣件', 3, ''),
(76, '2014-04-23 12:42:10', 1, 9, '5', '扣件', 3, ''),
(77, '2014-04-23 12:42:10', 1, 9, '4', '扣件', 3, ''),
(78, '2014-04-23 12:43:20', 1, 10, '25', '曹集郭 [扣件 320个]', 1, ''),
(79, '2014-04-23 12:44:01', 1, 10, '26', '曹集郭 [扣件 200个]', 1, ''),
(80, '2014-04-23 12:44:36', 1, 10, '27', '曹集郭 [扣件 780个]', 1, ''),
(81, '2014-04-23 12:45:11', 1, 10, '28', '曹集郭 [扣件 1000个]', 1, ''),
(82, '2014-04-23 12:45:50', 1, 10, '29', '曹集郭 [扣件 1480个]', 1, ''),
(83, '2014-04-23 12:46:22', 1, 10, '30', '曹集郭 [扣件 300个]', 1, ''),
(84, '2014-04-23 12:46:24', 1, 10, '31', '曹集郭 [扣件 300个]', 1, ''),
(85, '2014-04-24 02:00:09', 1, 10, '32', '耿车 [钢管 123米]', 1, ''),
(86, '2014-04-24 02:19:40', 1, 10, '32', '耿车 [钢管   123.45米]', 2, '已修改 remarks 。'),
(87, '2014-04-24 02:20:10', 1, 10, '32', '耿车 [钢管   123.45米]', 2, '已修改 remarks 。'),
(88, '2014-04-24 02:20:41', 1, 10, '32', '耿车 [钢管   123.45米]', 2, '已修改 remarks 。'),
(89, '2014-04-24 02:58:50', 1, 10, '32', '耿车 [钢管   123.45米]', 3, ''),
(90, '2014-04-24 02:59:12', 1, 10, '31', '曹集郭 [扣件   300.00个]', 3, ''),
(91, '2014-04-24 03:01:05', 1, 12, '7', '曹集郭 [扣件   600.00个]', 1, ''),
(92, '2014-04-24 03:01:30', 1, 12, '8', '曹集郭 [扣件  2900.00个]', 1, ''),
(93, '2014-04-24 03:02:32', 1, 12, '9', '曹集郭 [扣件   280.00个]', 1, ''),
(94, '2014-04-24 03:04:25', 1, 12, '6', '曹集郭 [钢管  5726.00米]', 3, ''),
(95, '2014-04-24 03:05:11', 1, 12, '10', '曹集郭 [钢管  5726.20米]', 1, ''),
(96, '2014-04-24 03:22:47', 1, 9, '10', '接头', 1, ''),
(97, '2014-05-12 01:28:24', 1, 8, '8', '皂河', 1, ''),
(98, '2014-05-12 01:28:28', 1, 8, '8', '皂河', 2, '没有字段被修改。'),
(99, '2014-05-12 01:30:08', 1, 10, '33', '皂河 [钢管  3676.80米]', 1, ''),
(100, '2014-05-12 01:31:03', 1, 10, '34', '皂河 [扣件  1120.00个]', 1, ''),
(101, '2014-05-12 01:32:02', 1, 10, '35', '皂河 [钢管  2416.50米]', 1, ''),
(102, '2014-05-12 01:32:46', 1, 10, '36', '皂河 [扣件  1200.00个]', 1, ''),
(103, '2014-05-12 01:36:42', 1, 10, '37', '皂河 [钢管  3126.00米]', 1, ''),
(104, '2014-05-12 01:38:55', 1, 10, '38', '皂河 [扣件  4100.00个]', 1, ''),
(105, '2014-05-12 01:39:28', 1, 10, '39', '皂河 [钢管  3912.00米]', 1, ''),
(106, '2014-05-12 01:40:10', 1, 10, '40', '皂河 [扣件  2000.00个]', 1, ''),
(107, '2014-05-12 03:28:34', 1, 8, '9', '104号', 1, ''),
(108, '2014-05-12 03:30:36', 1, 10, '41', '104号 [钢管  4109.30米]', 1, ''),
(109, '2014-05-12 03:31:46', 1, 10, '42', '104号 [钢管  3486.00米]', 1, ''),
(110, '2014-05-12 03:32:18', 1, 10, '43', '104号 [扣件  1600.00个]', 1, ''),
(111, '2014-05-12 03:33:03', 1, 10, '44', '104号 [钢管  2480.20米]', 1, ''),
(112, '2014-05-12 03:33:35', 1, 10, '45', '104号 [扣件  4200.00个]', 1, ''),
(113, '2014-05-12 03:34:08', 1, 10, '46', '104号 [扣件  5000.00个]', 1, ''),
(114, '2014-05-12 03:34:45', 1, 10, '47', '104号 [钢管  4099.70米]', 1, ''),
(115, '2014-05-12 03:35:42', 1, 10, '47', '104号 [钢管  4099.70米]', 2, '已修改 rent_date 。'),
(116, '2014-05-12 03:36:26', 1, 10, '48', '104号 [钢管  3000.00米]', 1, ''),
(117, '2014-05-12 03:37:17', 1, 10, '49', '104号 [扣件  2000.00个]', 1, ''),
(118, '2014-05-12 03:38:09', 1, 10, '50', '104号 [钢管  3560.10米]', 1, ''),
(119, '2014-05-12 03:38:58', 1, 10, '51', '104号 [钢管  4805.10米]', 1, ''),
(120, '2014-05-12 03:39:58', 1, 10, '52', '104号 [钢管  4219.50米]', 1, ''),
(121, '2014-05-12 03:40:35', 1, 10, '53', '104号 [钢管  3900.00米]', 1, ''),
(122, '2014-05-12 03:41:09', 1, 10, '54', '104号 [钢管  1800.00米]', 1, ''),
(123, '2014-05-12 03:42:02', 1, 10, '55', '104号 [钢管  2952.30米]', 1, ''),
(124, '2014-05-12 03:42:36', 1, 10, '56', '104号 [钢管  3464.20米]', 1, ''),
(125, '2014-05-12 03:43:30', 1, 10, '57', '104号 [钢管   621.00米]', 1, ''),
(126, '2014-05-12 03:44:00', 1, 10, '58', '104号 [钢管  3959.00米]', 1, ''),
(127, '2014-05-12 03:44:27', 1, 10, '59', '104号 [扣件  1000.00个]', 1, ''),
(128, '2014-05-12 03:45:03', 1, 10, '60', '104号 [钢管   420.00米]', 1, ''),
(129, '2014-05-12 03:45:44', 1, 10, '61', '104号 [钢管  4110.00米]', 1, ''),
(130, '2014-05-12 03:46:20', 1, 10, '62', '104号 [钢管  3602.90米]', 1, ''),
(131, '2014-05-12 03:47:14', 1, 10, '63', '104号 [扣件  2000.00个]', 1, ''),
(132, '2014-05-12 03:48:20', 1, 10, '64', '104号 [钢管  2606.80米]', 1, ''),
(133, '2014-05-12 03:49:53', 1, 10, '65', '104号 [钢管  4888.70米]', 1, ''),
(134, '2014-05-12 03:50:30', 1, 10, '66', '104号 [钢管  2565.70米]', 1, ''),
(135, '2014-05-12 03:50:57', 1, 10, '67', '104号 [扣件   330.00个]', 1, ''),
(136, '2014-05-12 03:52:55', 1, 10, '68', '104号 [钢管  3345.50米]', 1, ''),
(137, '2014-05-12 03:53:19', 1, 10, '69', '104号 [扣件  1600.00个]', 1, ''),
(138, '2014-05-12 03:55:31', 1, 12, '11', '104号 [钢管  6742.70米]', 1, ''),
(139, '2014-05-12 03:55:55', 1, 12, '12', '104号 [扣件  3434.00个]', 1, ''),
(140, '2014-05-12 03:57:33', 1, 12, '13', '104号 [钢管  7244.80米]', 1, ''),
(141, '2014-05-12 03:58:03', 1, 12, '14', '104号 [扣件  4821.00个]', 1, ''),
(142, '2014-05-12 03:58:33', 1, 12, '15', '104号 [钢管  7855.90米]', 1, ''),
(143, '2014-05-12 03:59:01', 1, 12, '16', '104号 [扣件   899.00个]', 1, ''),
(144, '2014-05-12 03:59:52', 1, 12, '17', '104号 [钢管  9216.30米]', 1, ''),
(145, '2014-05-12 04:00:42', 1, 12, '18', '104号 [钢管   148.00米]', 1, ''),
(146, '2014-05-12 04:01:27', 1, 12, '19', '104号 [扣件 14534.00个]', 1, ''),
(147, '2014-05-12 04:02:05', 1, 12, '20', '104号 [钢管  6526.10米]', 1, ''),
(148, '2014-05-12 04:02:36', 1, 12, '21', '104号 [扣件  4731.00个]', 1, ''),
(149, '2014-05-12 04:08:24', 1, 10, '70', '104号 [钢管  3699.70米]', 1, ''),
(150, '2014-05-12 04:09:49', 1, 10, '71', '104号 [扣件  2400.00个]', 1, ''),
(151, '2014-05-12 04:12:08', 1, 10, '72', '104号 [钢管  4069.80米]', 1, ''),
(152, '2014-05-12 04:12:41', 1, 10, '73', '104号 [扣件  3000.00个]', 1, ''),
(153, '2014-05-12 04:16:06', 1, 10, '74', '104号 [钢管  4167.40米]', 1, ''),
(154, '2014-05-12 04:16:44', 1, 10, '75', '104号 [钢管  3899.40米]', 1, ''),
(155, '2014-05-12 04:17:07', 1, 10, '76', '104号 [扣件  1200.00个]', 1, ''),
(156, '2014-05-12 04:17:44', 1, 10, '77', '104号 [钢管  4200.00米]', 1, ''),
(157, '2014-05-12 04:18:09', 1, 10, '78', '104号 [扣件  2000.00个]', 1, ''),
(158, '2014-05-12 04:18:53', 1, 10, '79', '104号 [钢管  3806.40米]', 1, ''),
(159, '2014-05-12 04:19:29', 1, 10, '80', '104号 [扣件  2520.00个]', 1, ''),
(160, '2014-05-12 04:20:18', 1, 10, '81', '104号 [钢管  3412.70米]', 1, ''),
(161, '2014-05-12 04:20:53', 1, 10, '82', '104号 [钢管  3600.00米]', 1, ''),
(162, '2014-05-12 04:21:21', 1, 10, '83', '104号 [扣件  3120.00个]', 1, ''),
(163, '2014-05-12 04:21:49', 1, 10, '84', '104号 [钢管  4008.60米]', 1, ''),
(164, '2014-05-12 04:22:15', 1, 10, '85', '104号 [扣件  1200.00个]', 1, ''),
(165, '2014-05-12 04:22:57', 1, 10, '86', '104号 [钢管  3900.00米]', 1, ''),
(166, '2014-05-12 04:23:18', 1, 10, '87', '104号 [扣件  1500.00个]', 1, ''),
(167, '2014-05-12 04:24:42', 1, 12, '22', '104号 [钢管  7248.50米]', 1, ''),
(168, '2014-05-12 04:25:06', 1, 12, '23', '104号 [扣件   640.00个]', 1, ''),
(169, '2014-05-12 04:27:22', 1, 10, '88', '104号 [扣件  2000.00个]', 1, ''),
(170, '2014-05-12 04:27:57', 1, 10, '89', '104号 [钢管  1888.50米]', 1, ''),
(171, '2014-05-12 04:28:40', 1, 10, '90', '104号 [钢管  2010.00米]', 1, ''),
(172, '2014-05-12 04:29:03', 1, 10, '91', '104号 [扣件  3320.00个]', 1, ''),
(173, '2014-05-12 04:29:40', 1, 10, '92', '104号 [钢管  3246.10米]', 1, ''),
(174, '2014-05-12 04:30:10', 1, 10, '93', '104号 [钢管  1720.00米]', 1, ''),
(175, '2014-05-12 04:31:06', 1, 10, '94', '104号 [钢管   586.90米]', 1, ''),
(176, '2014-05-12 04:31:24', 1, 10, '95', '104号 [扣件   520.00个]', 1, ''),
(177, '2014-05-12 04:31:50', 1, 10, '96', '104号 [钢管  2856.10米]', 1, ''),
(178, '2014-05-12 04:32:16', 1, 10, '97', '104号 [扣件  2320.00个]', 1, ''),
(179, '2014-05-12 04:32:44', 1, 10, '98', '104号 [钢管  3495.00米]', 1, ''),
(180, '2014-05-12 04:33:09', 1, 10, '99', '104号 [扣件  1000.00个]', 1, ''),
(181, '2014-05-12 04:34:08', 1, 12, '24', '104号 [钢管  2842.70米]', 1, ''),
(182, '2014-05-12 04:35:45', 1, 12, '25', '104号 [钢管  2491.80米]', 1, ''),
(183, '2014-05-12 04:36:09', 1, 12, '26', '104号 [扣件  1016.00个]', 1, ''),
(184, '2014-05-12 04:38:39', 1, 10, '100', '104号 [钢管   982.90米]', 1, ''),
(185, '2014-05-12 04:39:13', 1, 10, '101', '104号 [扣件  1880.00个]', 1, ''),
(186, '2014-05-12 04:43:25', 1, 10, '102', '104号 [钢管  1555.40米]', 1, ''),
(187, '2014-05-12 04:44:32', 1, 10, '103', '104号 [钢管  1200.00米]', 1, ''),
(188, '2014-05-12 04:45:51', 1, 10, '104', '104号 [钢管  3400.00米]', 1, ''),
(189, '2014-05-12 04:46:21', 1, 10, '105', '104号 [扣件  2000.00个]', 1, ''),
(190, '2014-05-12 04:47:18', 1, 10, '106', '104号 [钢管  2800.00米]', 1, ''),
(191, '2014-05-12 04:47:41', 1, 10, '107', '104号 [扣件  2440.00个]', 1, ''),
(192, '2014-05-12 04:50:13', 1, 10, '108', '104号 [钢管   880.00米]', 1, ''),
(193, '2014-05-12 04:50:41', 1, 10, '109', '104号 [扣件   400.00个]', 1, ''),
(194, '2014-05-12 04:52:40', 1, 10, '110', '104号 [钢管  3363.60米]', 1, ''),
(195, '2014-05-12 04:53:01', 1, 10, '111', '104号 [扣件  1000.00个]', 1, ''),
(196, '2014-05-12 04:53:44', 1, 10, '112', '104号 [钢管  3682.50米]', 1, ''),
(197, '2014-05-12 04:54:13', 1, 10, '113', '104号 [扣件  1320.00个]', 1, ''),
(198, '2014-05-12 04:55:58', 1, 10, '114', '104号 [钢管  3384.00米]', 1, ''),
(199, '2014-05-12 04:56:58', 1, 10, '115', '104号 [钢管   515.00米]', 1, ''),
(200, '2014-05-12 04:58:00', 1, 12, '27', '104号 [钢管  3740.40米]', 1, ''),
(201, '2014-05-12 04:58:36', 1, 12, '28', '104号 [扣件  1970.00个]', 1, ''),
(202, '2014-05-12 04:59:40', 1, 12, '29', '104号 [钢管  7996.00米]', 1, ''),
(203, '2014-05-12 05:00:06', 1, 12, '30', '104号 [扣件  3870.00个]', 1, ''),
(204, '2014-05-12 05:00:41', 1, 12, '31', '104号 [钢管  2564.40米]', 1, ''),
(205, '2014-05-12 05:01:00', 1, 12, '32', '104号 [扣件  4876.00个]', 1, ''),
(206, '2014-05-12 05:04:28', 1, 10, '116', '104号 [钢管   999.60米]', 1, ''),
(207, '2014-05-12 05:05:08', 1, 10, '117', '104号 [钢管  1200.00米]', 1, ''),
(208, '2014-05-12 05:05:43', 1, 10, '118', '104号 [钢管   630.00米]', 1, ''),
(209, '2014-05-12 05:06:14', 1, 10, '119', '104号 [钢管  3300.00米]', 1, ''),
(210, '2014-05-12 05:06:59', 1, 10, '120', '104号 [扣件   400.00个]', 1, ''),
(211, '2014-05-12 05:07:31', 1, 10, '121', '104号 [钢管  1800.00米]', 1, ''),
(212, '2014-05-12 05:07:54', 1, 10, '122', '104号 [扣件   120.00个]', 1, ''),
(213, '2014-05-12 05:08:15', 1, 10, '123', '104号 [扣件   280.00个]', 1, ''),
(214, '2014-05-12 05:08:45', 1, 10, '124', '104号 [钢管  1166.50米]', 1, ''),
(215, '2014-05-12 05:09:14', 1, 10, '125', '104号 [钢管  1600.00米]', 1, ''),
(216, '2014-05-12 05:09:41', 1, 10, '126', '104号 [钢管  3600.00米]', 1, ''),
(217, '2014-05-12 05:10:13', 1, 10, '127', '104号 [钢管  4000.00米]', 1, ''),
(218, '2014-05-12 05:11:07', 1, 10, '128', '104号 [钢管  1810.00米]', 1, ''),
(219, '2014-05-12 05:11:43', 1, 10, '129', '104号 [扣件  1300.00个]', 1, ''),
(220, '2014-05-12 05:12:17', 1, 10, '130', '104号 [钢管   866.00米]', 1, ''),
(221, '2014-05-12 05:12:41', 1, 10, '131', '104号 [钢管   150.00米]', 1, ''),
(222, '2014-05-12 05:15:10', 1, 12, '33', '104号 [钢管  1585.00米]', 1, ''),
(223, '2014-05-12 05:15:48', 1, 12, '34', '104号 [钢管  4740.00米]', 1, ''),
(224, '2014-05-12 05:16:13', 1, 12, '35', '104号 [扣件  2097.00个]', 1, ''),
(225, '2014-05-12 05:16:34', 1, 12, '36', '104号 [钢管  3752.60米]', 1, ''),
(226, '2014-05-12 05:16:52', 1, 12, '37', '104号 [扣件   190.00个]', 1, ''),
(227, '2014-05-12 05:17:12', 1, 12, '38', '104号 [钢管   861.00米]', 1, ''),
(228, '2014-05-12 05:17:45', 1, 12, '39', '104号 [扣件   263.00个]', 1, ''),
(229, '2014-05-12 05:18:21', 1, 12, '40', '104号 [钢管  4229.10米]', 1, ''),
(230, '2014-05-12 05:18:45', 1, 12, '41', '104号 [扣件  1807.00个]', 1, ''),
(231, '2014-05-12 05:19:31', 1, 12, '42', '104号 [钢管  6196.40米]', 1, ''),
(232, '2014-05-12 05:20:01', 1, 12, '43', '104号 [钢管  5793.40米]', 1, ''),
(233, '2014-05-12 05:21:22', 1, 12, '44', '104号 [钢管  4092.30米]', 1, ''),
(234, '2014-05-12 05:21:54', 1, 12, '45', '104号 [扣件  4675.00个]', 1, ''),
(235, '2014-05-12 05:22:16', 1, 12, '46', '104号 [钢管  3350.00米]', 1, ''),
(236, '2014-05-12 05:22:34', 1, 12, '46', '104号 [钢管  3350.10米]', 2, '已变更 quantity for 归还明细 "钢管  3350.10米".'),
(237, '2014-05-12 05:23:03', 1, 12, '47', '104号 [扣件   102.00个]', 1, ''),
(238, '2014-05-12 05:24:26', 1, 12, '48', '104号 [钢管  3892.90米]', 1, ''),
(239, '2014-05-12 05:24:45', 1, 12, '49', '104号 [扣件    78.00个]', 1, ''),
(240, '2014-05-12 05:25:20', 1, 12, '50', '104号 [钢管  2283.00米]', 1, ''),
(241, '2014-05-12 05:25:41', 1, 12, '51', '104号 [扣件  3244.00个]', 1, ''),
(242, '2014-05-12 05:26:21', 1, 12, '52', '104号 [钢管  2529.80米]', 1, ''),
(243, '2014-05-12 05:26:42', 1, 12, '53', '104号 [扣件  1195.00个]', 1, ''),
(244, '2014-05-12 06:56:21', 1, 8, '10', '龙河', 1, ''),
(245, '2014-05-12 07:19:59', 1, 10, '133', '龙河 [钢管   360.00米]', 1, ''),
(246, '2014-05-12 07:19:59', 1, 10, '132', '龙河 [钢管   360.00米]', 1, ''),
(247, '2014-05-12 07:20:33', 1, 10, '135', '龙河 [扣件   360.00个]', 1, ''),
(248, '2014-05-12 07:20:33', 1, 10, '134', '龙河 [扣件   360.00个]', 1, ''),
(249, '2014-05-12 07:20:47', 1, 10, '136', '龙河 [扣件   360.00个]', 1, ''),
(250, '2014-05-12 07:20:47', 1, 10, '137', '龙河 [扣件   360.00个]', 1, ''),
(251, '2014-05-12 07:20:47', 1, 10, '138', '龙河 [扣件   360.00个]', 1, ''),
(252, '2014-05-12 07:20:48', 1, 10, '139', '龙河 [扣件   360.00个]', 1, ''),
(253, '2014-05-12 07:22:08', 1, 10, '139', '龙河 [扣件   360.00个]', 3, ''),
(254, '2014-05-12 07:22:16', 1, 10, '138', '龙河 [扣件   360.00个]', 3, ''),
(255, '2014-05-12 07:22:25', 1, 10, '137', '龙河 [扣件   360.00个]', 3, ''),
(256, '2014-05-12 07:22:34', 1, 10, '136', '龙河 [扣件   360.00个]', 3, ''),
(257, '2014-05-12 07:22:41', 1, 10, '135', '龙河 [扣件   360.00个]', 3, ''),
(258, '2014-05-12 07:22:50', 1, 10, '134', '龙河 [扣件   360.00个]', 3, ''),
(259, '2014-05-12 07:23:02', 1, 10, '133', '龙河 [钢管   360.00米]', 3, ''),
(260, '2014-05-12 07:23:45', 1, 10, '140', '龙河 [扣件   360.00个]', 1, ''),
(261, '2014-05-13 03:09:41', 1, 10, '141', '皂河 [钢管  3590.60米]', 1, ''),
(262, '2014-05-13 03:10:23', 1, 10, '142', '皂河 [钢管  4071.50米]', 1, ''),
(263, '2014-05-13 03:10:54', 1, 10, '143', '皂河 [扣件   520.00个]', 1, ''),
(264, '2014-05-13 03:10:54', 1, 10, '144', '皂河 [扣件   520.00个]', 1, ''),
(265, '2014-05-13 03:11:16', 1, 10, '145', '皂河 [接头   330.00个]', 1, ''),
(266, '2014-05-13 03:11:47', 1, 10, '146', '皂河 [钢管  3699.70米]', 1, ''),
(267, '2014-05-13 03:12:10', 1, 10, '147', '皂河 [扣件  2400.00个]', 1, ''),
(268, '2014-05-13 03:12:45', 1, 10, '148', '皂河 [扣件  1320.00个]', 1, ''),
(269, '2014-05-13 03:13:17', 1, 10, '149', '皂河 [扣件  1000.00个]', 1, ''),
(270, '2014-05-13 03:13:40', 1, 10, '150', '皂河 [接头   120.00个]', 1, ''),
(271, '2014-05-13 03:14:10', 1, 10, '151', '皂河 [钢管  3472.00米]', 1, ''),
(272, '2014-05-13 03:14:48', 1, 10, '152', '皂河 [扣件  1480.00个]', 1, ''),
(273, '2014-05-13 03:15:33', 1, 10, '153', '104号 [钢管  4069.80米]', 1, ''),
(274, '2014-05-13 03:15:58', 1, 10, '154', '皂河 [扣件  3000.00个]', 1, ''),
(275, '2014-05-13 03:16:24', 1, 10, '155', '皂河 [钢管  4063.50米]', 1, ''),
(276, '2014-05-13 03:17:32', 1, 10, '156', '皂河 [钢管  1879.70米]', 1, ''),
(277, '2014-05-13 03:18:00', 1, 10, '157', '皂河 [扣件  2900.00个]', 1, ''),
(278, '2014-05-13 03:18:33', 1, 10, '158', '皂河 [钢管  3690.00米]', 1, ''),
(279, '2014-05-13 03:20:54', 1, 10, '159', '皂河 [钢管  3289.10米]', 1, ''),
(280, '2014-05-13 03:21:16', 1, 10, '160', '皂河 [钢管  3820.40米]', 1, ''),
(281, '2014-05-13 03:21:43', 1, 10, '161', '皂河 [钢管  3515.20米]', 1, ''),
(282, '2014-05-13 03:22:11', 1, 10, '162', '皂河 [钢管  1814.00米]', 1, ''),
(283, '2014-05-13 03:22:39', 1, 10, '163', '皂河 [扣件  4410.00个]', 1, ''),
(284, '2014-05-13 03:23:01', 1, 10, '164', '皂河 [扣件  5000.00个]', 1, ''),
(285, '2014-05-13 03:23:22', 1, 10, '165', '皂河 [接头   600.00个]', 1, ''),
(286, '2014-05-13 03:24:43', 1, 10, '166', '皂河 [钢管  3324.40米]', 1, ''),
(287, '2014-05-13 03:25:15', 1, 10, '167', '皂河 [扣件  2600.00个]', 1, ''),
(288, '2014-05-13 03:25:42', 1, 10, '168', '皂河 [扣件  1480.00个]', 1, ''),
(289, '2014-05-13 03:26:05', 1, 10, '169', '皂河 [接头   300.00个]', 1, ''),
(290, '2014-05-13 03:26:33', 1, 10, '170', '皂河 [钢管  3278.30米]', 1, ''),
(291, '2014-05-13 03:27:16', 1, 10, '171', '皂河 [扣件  1600.00个]', 1, ''),
(292, '2014-05-13 03:27:45', 1, 10, '172', '皂河 [扣件  1000.00个]', 1, ''),
(293, '2014-05-13 03:28:13', 1, 10, '173', '皂河 [扣件  3000.00个]', 1, ''),
(294, '2014-05-13 03:29:26', 1, 10, '174', '皂河 [钢管  3805.00米]', 1, ''),
(295, '2014-05-13 03:29:47', 1, 10, '175', '皂河 [扣件  1600.00个]', 1, ''),
(296, '2014-05-13 03:30:16', 1, 10, '176', '皂河 [钢管  1456.60米]', 1, ''),
(297, '2014-05-13 03:30:34', 1, 10, '177', '皂河 [扣件  3120.00个]', 1, ''),
(298, '2014-05-13 03:31:42', 1, 10, '178', '皂河 [钢管  8869.50米]', 1, ''),
(299, '2014-05-13 03:32:25', 1, 10, '179', '皂河 [钢管  4000.00米]', 1, ''),
(300, '2014-05-13 03:33:02', 1, 10, '180', '皂河 [钢管  3300.00米]', 1, ''),
(301, '2014-05-13 03:33:30', 1, 10, '181', '皂河 [钢管  4000.00米]', 1, ''),
(302, '2014-05-13 03:34:06', 1, 10, '182', '皂河 [钢管  2240.90米]', 1, ''),
(303, '2014-05-13 03:34:34', 1, 10, '183', '皂河 [接头   680.00个]', 1, ''),
(304, '2014-05-13 03:35:22', 1, 12, '54', '皂河 [钢管  2940.00米]', 1, ''),
(305, '2014-05-13 03:35:47', 1, 12, '55', '皂河 [钢管  4549.50米]', 1, ''),
(306, '2014-05-13 03:54:59', 1, 10, '184', '龙河 [钢管  3370.00米]', 1, ''),
(307, '2014-05-13 03:55:30', 1, 10, '185', '龙河 [扣件  2320.00个]', 1, ''),
(308, '2014-05-13 03:56:08', 1, 10, '186', '龙河 [钢管  3330.00米]', 1, ''),
(309, '2014-05-13 03:56:34', 1, 10, '187', '龙河 [扣件  1680.00个]', 1, ''),
(310, '2014-05-13 03:57:08', 1, 10, '188', '龙河 [钢管  3100.00米]', 1, ''),
(311, '2014-05-13 03:57:33', 1, 10, '189', '龙河 [扣件  1760.00个]', 1, ''),
(312, '2014-05-13 03:58:02', 1, 10, '190', '龙河 [钢管  3530.50米]', 1, ''),
(313, '2014-05-13 03:58:26', 1, 10, '191', '龙河 [扣件   820.00个]', 1, ''),
(314, '2014-05-13 04:00:00', 1, 10, '192', '龙河 [钢管  3900.00米]', 1, ''),
(315, '2014-05-13 04:00:25', 1, 10, '193', '龙河 [钢管  3429.00米]', 1, ''),
(316, '2014-05-13 04:00:47', 1, 10, '194', '龙河 [钢管  1600.00米]', 1, ''),
(317, '2014-05-13 04:01:11', 1, 10, '195', '龙河 [钢管  3694.90米]', 1, ''),
(318, '2014-05-13 04:01:32', 1, 10, '196', '龙河 [扣件  1400.00个]', 1, ''),
(319, '2014-05-13 04:01:58', 1, 10, '197', '龙河 [扣件   910.00个]', 1, ''),
(320, '2014-05-13 04:02:24', 1, 10, '198', '龙河 [扣件   280.00个]', 1, ''),
(321, '2014-05-13 04:03:45', 1, 10, '199', '龙河 [钢管  3945.20米]', 1, ''),
(322, '2014-05-13 04:04:12', 1, 10, '200', '龙河 [扣件  2010.00个]', 1, ''),
(323, '2014-05-13 04:04:39', 1, 10, '201', '龙河 [钢管  1200.00米]', 1, ''),
(324, '2014-05-13 04:05:02', 1, 10, '202', '龙河 [钢管  2210.00米]', 1, ''),
(325, '2014-05-13 04:05:20', 1, 10, '203', '龙河 [扣件  2160.00个]', 1, ''),
(326, '2014-05-13 04:05:43', 1, 10, '204', '龙河 [扣件   200.00个]', 1, ''),
(327, '2014-05-13 04:06:38', 1, 10, '205', '龙河 [钢管  1776.50米]', 1, ''),
(328, '2014-05-13 04:07:07', 1, 10, '206', '龙河 [扣件  1230.00个]', 1, ''),
(329, '2014-05-13 04:13:59', 1, 10, '207', '龙河 [钢管  2400.00米]', 1, ''),
(330, '2014-05-13 04:14:30', 1, 10, '208', '龙河 [扣件  1120.00个]', 1, ''),
(331, '2014-05-13 04:14:56', 1, 10, '209', '龙河 [钢管  1729.70米]', 1, ''),
(332, '2014-05-13 04:15:20', 1, 10, '210', '龙河 [扣件    80.00个]', 1, ''),
(333, '2014-05-13 04:15:56', 1, 12, '56', '龙河 [钢管  3279.50米]', 1, ''),
(334, '2014-05-13 04:16:31', 1, 12, '57', '龙河 [扣件    31.00个]', 1, ''),
(335, '2014-05-13 04:17:06', 1, 12, '58', '龙河 [钢管  1369.20米]', 1, ''),
(336, '2014-05-13 04:17:26', 1, 12, '59', '龙河 [扣件    17.00个]', 1, ''),
(337, '2014-05-13 04:18:05', 1, 12, '60', '龙河 [钢管  2997.20米]', 1, ''),
(338, '2014-05-13 04:18:25', 1, 12, '61', '龙河 [扣件   896.00个]', 1, ''),
(339, '2014-05-13 04:22:59', 1, 8, '11', '大新刘', 1, ''),
(340, '2014-05-13 04:23:35', 1, 8, '12', '大新陈海春', 1, ''),
(341, '2014-05-13 04:30:15', 1, 10, '211', '大新刘 [钢管  4273.00米]', 1, ''),
(342, '2014-05-13 04:30:50', 1, 10, '212', '大新刘 [扣件  2350.00个]', 1, ''),
(343, '2014-05-13 04:31:11', 1, 10, '213', '大新刘 [接头   309.00个]', 1, ''),
(344, '2014-05-13 04:31:40', 1, 10, '214', '大新刘 [钢管   600.00米]', 1, ''),
(345, '2014-05-13 04:32:01', 1, 10, '215', '大新刘 [扣件   300.00个]', 1, ''),
(346, '2014-05-13 04:33:04', 1, 10, '216', '大新刘 [钢管  3588.50米]', 1, ''),
(347, '2014-05-13 04:33:35', 1, 10, '217', '大新刘 [扣件  2010.00个]', 1, ''),
(348, '2014-05-13 04:34:17', 1, 10, '218', '大新刘 [钢管  2010.00米]', 1, ''),
(349, '2014-05-13 04:34:42', 1, 10, '219', '大新刘 [扣件  2000.00个]', 1, ''),
(350, '2014-05-13 04:35:10', 1, 10, '220', '大新刘 [钢管  3840.00米]', 1, ''),
(351, '2014-05-13 04:35:36', 1, 10, '221', '大新刘 [扣件  1000.00个]', 1, ''),
(352, '2014-05-13 04:36:08', 1, 10, '222', '大新刘 [钢管  3246.10米]', 1, ''),
(353, '2014-05-13 04:36:32', 1, 10, '223', '大新刘 [扣件  1720.00个]', 1, ''),
(354, '2014-05-13 04:37:17', 1, 12, '62', '大新刘 [扣件   200.00个]', 1, ''),
(355, '2014-05-13 04:38:31', 1, 10, '224', '大新刘 [钢管   224.20米]', 1, ''),
(356, '2014-05-13 04:38:52', 1, 10, '225', '大新刘 [扣件   520.00个]', 1, ''),
(357, '2014-05-13 04:39:15', 1, 10, '226', '大新刘 [接头   200.00个]', 1, ''),
(358, '2014-05-13 04:39:47', 1, 10, '227', '大新刘 [钢管   937.60米]', 1, ''),
(359, '2014-05-13 04:40:09', 1, 10, '228', '大新刘 [钢管   520.00米]', 1, ''),
(360, '2014-05-13 04:40:32', 1, 10, '229', '大新刘 [钢管  2856.10米]', 1, ''),
(361, '2014-05-13 04:41:31', 1, 10, '230', '大新刘 [扣件  2320.00个]', 1, ''),
(362, '2014-05-13 04:42:03', 1, 10, '231', '大新刘 [钢管  3495.00米]', 1, ''),
(363, '2014-05-13 04:42:24', 1, 10, '232', '大新刘 [扣件  1000.00个]', 1, ''),
(364, '2014-05-13 04:42:57', 1, 10, '233', '大新刘 [钢管  1800.00米]', 1, ''),
(365, '2014-05-13 04:43:32', 1, 10, '234', '大新刘 [接头   321.00个]', 1, ''),
(366, '2014-05-13 04:44:00', 1, 10, '235', '大新刘 [钢管  1080.00米]', 1, ''),
(367, '2014-05-13 04:47:01', 1, 10, '236', '大新刘 [扣件   600.00个]', 1, ''),
(368, '2014-05-13 04:47:31', 1, 10, '237', '大新刘 [钢管   240.00米]', 1, ''),
(369, '2014-05-13 04:47:54', 1, 10, '238', '大新刘 [扣件   450.00个]', 1, ''),
(370, '2014-05-13 04:48:29', 1, 10, '239', '大新刘 [钢管   240.00米]', 1, ''),
(371, '2014-05-13 04:48:50', 1, 10, '240', '大新刘 [扣件   400.00个]', 1, ''),
(372, '2014-05-13 04:49:19', 1, 10, '241', '大新刘 [钢管   240.00米]', 1, ''),
(373, '2014-05-13 04:49:43', 1, 10, '242', '大新刘 [扣件   600.00个]', 1, ''),
(374, '2014-05-13 04:50:21', 1, 10, '243', '大新刘 [钢管   240.00米]', 1, ''),
(375, '2014-05-13 04:50:50', 1, 10, '244', '龙河 [扣件   600.00个]', 1, ''),
(376, '2014-05-13 04:51:19', 1, 10, '245', '大新刘 [钢管  1919.90米]', 1, ''),
(377, '2014-05-13 04:52:55', 1, 10, '246', '大新刘 [钢管   277.50米]', 1, ''),
(378, '2014-05-13 04:53:47', 1, 12, '63', '大新刘 [钢管  2410.10米]', 1, ''),
(379, '2014-05-13 04:56:01', 1, 10, '247', '大新刘 [钢管  1800.00米]', 1, ''),
(380, '2014-05-13 04:56:04', 1, 10, '248', '大新刘 [钢管  1800.00米]', 1, ''),
(381, '2014-05-13 04:56:24', 1, 10, '248', '大新刘 [钢管  1800.00米]', 3, ''),
(382, '2014-05-13 04:58:22', 1, 10, '244', '大新刘 [扣件   600.00个]', 2, '已修改 customer 。'),
(383, '2014-05-13 04:59:47', 1, 10, '249', '大新刘 [扣件   780.00个]', 1, ''),
(384, '2014-05-13 05:01:00', 1, 12, '64', '大新刘 [钢管  2819.80米]', 1, ''),
(385, '2014-05-13 05:01:38', 1, 12, '65', '大新刘 [钢管  2842.70米]', 1, ''),
(386, '2014-05-13 05:03:12', 1, 12, '66', '大新刘 [钢管  3060.70米]', 1, ''),
(387, '2014-05-13 05:05:13', 1, 12, '67', '大新刘 [钢管  6916.30米]', 1, ''),
(388, '2014-05-13 05:05:51', 1, 12, '68', '大新刘 [扣件  5919.00个]', 1, ''),
(389, '2014-05-13 05:06:26', 1, 12, '69', '大新刘 [钢管   778.50米]', 1, ''),
(390, '2014-05-13 05:06:45', 1, 12, '70', '大新刘 [扣件    28.00个]', 1, ''),
(391, '2014-05-13 05:08:12', 1, 12, '71', '大新刘 [钢管  3755.30米]', 1, ''),
(392, '2014-05-13 05:08:32', 1, 12, '72', '大新刘 [钢管  4219.00米]', 1, ''),
(393, '2014-05-13 05:08:53', 1, 12, '73', '龙河 [钢管  3350.10米]', 1, ''),
(394, '2014-05-13 05:09:30', 1, 12, '74', '大新刘 [扣件   102.00个]', 1, ''),
(395, '2014-05-13 05:09:49', 1, 12, '75', '大新刘 [钢管  3892.90米]', 1, ''),
(396, '2014-05-13 05:10:11', 1, 12, '76', '大新刘 [扣件    78.00个]', 1, ''),
(397, '2014-05-13 05:10:42', 1, 12, '77', '大新刘 [钢管  2283.00米]', 1, ''),
(398, '2014-05-13 05:11:04', 1, 12, '78', '大新刘 [钢管  3244.00米]', 1, ''),
(399, '2014-05-13 05:11:45', 1, 12, '79', '大新刘 [钢管   488.70米]', 1, ''),
(400, '2014-05-13 05:12:10', 1, 12, '80', '大新刘 [扣件   242.00个]', 1, ''),
(401, '2014-05-13 05:15:12', 1, 12, '73', '大新刘 [钢管  3350.10米]', 2, '已修改 customer 。'),
(402, '2014-05-13 05:16:43', 1, 12, '78', '大新刘 [扣件  3244.00个]', 2, '已变更 product for 归还明细 "扣件  3244.00个".'),
(403, '2014-05-13 05:19:47', 1, 12, '72', '大新刘 [扣件  4219.00个]', 2, '已变更 product for 归还明细 "扣件  4219.00个".'),
(404, '2014-05-13 05:48:03', 1, 10, '228', '大新刘 [扣件   520.00个]', 2, '已变更 product for 租借明细 "扣件   520.00个".'),
(405, '2014-05-13 07:49:44', 1, 10, '194', '龙河 [扣件  1600.00个]', 2, '已变更 product for 租借明细 "扣件  1600.00个".'),
(406, '2014-05-14 02:37:41', 1, 10, '250', '耿车 [钢管  4109.30米]', 1, ''),
(407, '2014-05-14 02:40:48', 1, 10, '251', '耿车 [钢管  3486.00米]', 1, ''),
(408, '2014-05-14 02:41:45', 1, 10, '252', '耿车 [扣件  1600.00个]', 1, ''),
(409, '2014-05-14 02:42:13', 1, 10, '253', '耿车 [钢管  3900.00米]', 1, ''),
(410, '2014-05-14 02:42:56', 1, 10, '254', '耿车 [钢管  3900.00米]', 1, ''),
(411, '2014-05-14 02:43:30', 1, 10, '255', '耿车 [钢管  3900.00米]', 1, ''),
(412, '2014-05-14 02:44:00', 1, 10, '256', '耿车 [钢管  3900.00米]', 1, ''),
(413, '2014-05-14 02:44:38', 1, 10, '257', '耿车 [钢管  2480.20米]', 1, ''),
(414, '2014-05-14 02:45:11', 1, 10, '258', '耿车 [扣件  4200.00个]', 1, ''),
(415, '2014-05-14 02:45:58', 1, 10, '259', '耿车 [钢管   690.00米]', 1, ''),
(416, '2014-05-14 02:46:48', 1, 10, '260', '耿车 [扣件  5000.00个]', 1, ''),
(417, '2014-05-14 02:47:24', 1, 10, '261', '耿车 [接头   700.00个]', 1, ''),
(418, '2014-05-14 02:48:33', 1, 10, '262', '耿车 [钢管  4099.70米]', 1, ''),
(419, '2014-05-14 02:49:05', 1, 10, '263', '耿车 [扣件  3000.00个]', 1, ''),
(420, '2014-05-14 02:49:36', 1, 10, '264', '耿车 [钢管  3632.00米]', 1, ''),
(421, '2014-05-14 02:50:01', 1, 10, '265', '耿车 [扣件  1000.00个]', 1, ''),
(422, '2014-05-14 02:50:34', 1, 10, '266', '耿车 [钢管  3900.00米]', 1, ''),
(423, '2014-05-14 02:51:07', 1, 10, '267', '耿车 [钢管  3600.00米]', 1, ''),
(424, '2014-05-14 02:51:36', 1, 10, '268', '耿车 [扣件  3000.00个]', 1, ''),
(425, '2014-05-14 02:55:13', 1, 10, '269', '耿车 [接头   500.00个]', 1, ''),
(426, '2014-05-14 02:57:51', 1, 10, '270', '耿车 [钢管  3774.80米]', 1, ''),
(427, '2014-05-14 02:58:41', 1, 10, '271', '耿车 [扣件  2000.00个]', 1, ''),
(428, '2014-05-14 03:00:32', 1, 10, '272', '耿车 [钢管  3600.00米][扣件 18000.00个]', 1, ''),
(429, '2014-05-14 03:01:22', 1, 10, '273', '耿车 [钢管  3560.10米]', 1, ''),
(430, '2014-05-14 03:02:22', 1, 10, '274', '耿车 [钢管  4805.20米]', 1, ''),
(431, '2014-05-14 03:03:28', 1, 10, '275', '耿车 [接头  1800.00个][钢管  4106.00米][扣件  1200.00个]', 1, ''),
(432, '2014-05-14 03:06:05', 1, 10, '276', '耿车 [钢管  3889.50米]', 1, ''),
(433, '2014-05-14 03:06:42', 1, 10, '277', '耿车 [钢管  3900.00米]', 1, ''),
(434, '2014-05-14 03:08:09', 1, 10, '278', '耿车 [接头   106.00个][钢管  1800.00米][扣件  4000.00个]', 1, ''),
(435, '2014-05-14 03:08:53', 1, 10, '279', '耿车 [钢管  3459.10米][扣件  3000.00个]', 1, ''),
(436, '2014-05-14 03:09:28', 1, 10, '280', '耿车 [钢管  2952.30米]', 1, ''),
(437, '2014-05-14 03:11:28', 1, 10, '280', '耿车 [钢管  3789.50米]', 2, '已变更 quantity for 租借明细 "钢管  3789.50米".'),
(438, '2014-05-14 03:12:41', 1, 10, '281', '耿车 [钢管  3464.20米]', 1, ''),
(439, '2014-05-14 03:13:34', 1, 10, '282', '耿车 [接头  1920.00个]', 1, ''),
(440, '2014-05-14 03:14:26', 1, 10, '283', '耿车 [钢管  3682.40米]', 1, ''),
(441, '2014-05-14 03:15:22', 1, 10, '284', '耿车 [钢管  3959.00米][扣件  1000.00个]', 1, ''),
(442, '2014-05-14 03:16:04', 1, 10, '285', '耿车 [钢管  3693.00米]', 1, ''),
(443, '2014-05-14 03:16:39', 1, 10, '286', '耿车 [钢管  4110.00米]', 1, ''),
(444, '2014-05-14 03:17:27', 1, 10, '287', '耿车 [接头   360.00个][钢管  3807.80米]', 1, ''),
(445, '2014-05-14 03:18:55', 1, 10, '288', '耿车 [接头  3000.00个][扣件 11000.00个]', 1, ''),
(446, '2014-05-14 03:19:37', 1, 10, '289', '耿车 [扣件 10000.00个]', 1, ''),
(447, '2014-05-14 03:20:42', 1, 10, '290', '耿车 [钢管 29893.50米]', 1, ''),
(448, '2014-05-14 03:21:43', 1, 10, '291', '耿车 [钢管  3602.90米][扣件  2000.00个]', 1, ''),
(449, '2014-05-14 03:23:06', 1, 10, '292', '耿车 [钢管  4725.40米][扣件  1000.00个]', 1, ''),
(450, '2014-05-14 03:24:57', 1, 10, '293', '耿车 [钢管  4064.20米][扣件  5000.00个]', 1, ''),
(451, '2014-05-14 03:27:36', 1, 10, '294', '耿车 [钢管  4538.00米]', 1, ''),
(452, '2014-05-14 03:28:31', 1, 10, '295', '耿车 [钢管  1663.70米]', 1, ''),
(453, '2014-05-14 03:30:07', 1, 10, '296', '耿车 [钢管  3345.50米][扣件  1600.00个]', 1, ''),
(454, '2014-05-14 03:31:04', 1, 10, '297', '耿车 [扣件   990.00个]', 1, ''),
(455, '2014-05-14 03:31:48', 1, 10, '298', '耿车 [钢管  1440.00米]', 1, ''),
(456, '2014-05-14 03:32:23', 1, 10, '299', '耿车 [扣件  1500.00个]', 1, ''),
(457, '2014-05-14 03:32:48', 1, 10, '300', '耿车 [扣件  1500.00个]', 1, ''),
(458, '2014-05-14 03:33:32', 1, 10, '301', '耿车 [钢管  4320.30米]', 1, ''),
(459, '2014-05-14 03:33:58', 1, 10, '302', '耿车 [扣件  1500.00个]', 1, ''),
(460, '2014-05-14 03:34:25', 1, 10, '303', '耿车 [扣件  1500.00个]', 1, ''),
(461, '2014-05-14 03:34:54', 1, 10, '304', '耿车 [扣件  1500.00个]', 1, ''),
(462, '2014-05-14 03:40:33', 1, 12, '81', '耿车 [钢管  3612.00米]', 1, ''),
(463, '2014-05-14 03:41:50', 1, 12, '82', '耿车 [接头     4.00个][钢管  3092.40米][扣件    12.00个]', 1, ''),
(464, '2014-05-14 03:45:01', 1, 12, '83', '耿车 [钢管  3877.50米][扣件   400.00个]', 1, ''),
(465, '2014-05-14 03:45:41', 1, 10, '305', '耿车 [扣件   600.00个]', 1, ''),
(466, '2014-05-14 03:46:29', 1, 12, '84', '耿车 [钢管  3424.00米]', 1, ''),
(467, '2014-05-14 03:47:16', 1, 12, '85', '耿车 [钢管  6742.70米][扣件  3434.00个]', 1, ''),
(468, '2014-05-14 03:48:33', 1, 12, '86', '耿车 [钢管  1147.80米][扣件  5880.00个]', 1, ''),
(469, '2014-05-14 03:49:20', 1, 12, '87', '耿车 [钢管  4063.50米]', 1, ''),
(470, '2014-05-14 03:49:57', 1, 12, '88', '耿车 [钢管  3690.00米]', 1, ''),
(471, '2014-05-14 03:50:59', 1, 10, '306', '耿车 [扣件  1200.00个]', 1, ''),
(472, '2014-05-14 03:52:11', 1, 12, '89', '耿车 [钢管  1672.20米]', 1, ''),
(473, '2014-05-14 03:53:42', 1, 12, '89', '耿车 [钢管  3289.10米]', 2, '已变更 quantity for 归还明细 "钢管  3289.10米".'),
(474, '2014-05-14 03:54:32', 1, 12, '89', '耿车 [钢管  3289.10米]', 2, '已修改 revert_date 。'),
(475, '2014-05-14 03:56:18', 1, 12, '90', '耿车 [钢管  3820.40米]', 1, ''),
(476, '2014-05-14 03:57:02', 1, 12, '91', '耿车 [钢管  3515.20米]', 1, ''),
(477, '2014-05-14 03:57:51', 1, 12, '92', '耿车 [钢管  1729.70米]', 1, ''),
(478, '2014-05-14 04:04:54', 1, 12, '93', '耿车 [钢管  1423.00米][扣件 27194.00个]', 1, ''),
(479, '2014-05-14 04:06:01', 1, 12, '94', '耿车 [钢管  7244.80米][扣件  4821.00个]', 1, ''),
(480, '2014-05-14 04:07:42', 1, 12, '95', '耿车 [钢管  4825.90米][扣件   781.00个]', 1, ''),
(481, '2014-05-14 04:08:48', 1, 12, '96', '耿车 [钢管 18918.70米]', 1, ''),
(482, '2014-05-14 04:10:02', 1, 12, '97', '耿车 [钢管  3816.00米]', 1, ''),
(483, '2014-05-14 04:10:54', 1, 12, '98', '耿车 [钢管  5053.50米]', 1, ''),
(484, '2014-05-14 04:11:52', 1, 12, '99', '耿车 [钢管  3883.70米]', 1, ''),
(485, '2014-05-14 04:13:43', 1, 12, '100', '耿车 [钢管  4704.20米]', 1, ''),
(486, '2014-05-14 04:14:42', 1, 12, '101', '耿车 [钢管  9216.30米]', 1, ''),
(487, '2014-05-14 04:15:59', 1, 12, '101', '耿车 [钢管  9364.30米][扣件 14534.00个]', 2, '已添加 归还明细 "扣件 14534.00个". 已变更 quantity for 归还明细 "钢管  9364.30米".'),
(488, '2014-05-14 04:17:31', 1, 12, '102', '耿车 [钢管  6526.10米][扣件  4731.00个]', 1, ''),
(489, '2014-05-14 04:18:18', 1, 12, '103', '耿车 [钢管  9765.90米]', 1, ''),
(490, '2014-05-14 04:18:45', 1, 12, '104', '耿车 [钢管  3957.00米]', 1, ''),
(491, '2014-05-14 04:19:11', 1, 12, '105', '耿车 [钢管  1915.60米]', 1, ''),
(492, '2014-05-14 04:20:34', 1, 12, '106', '耿车 [钢管  3787.30米][扣件   192.00个]', 1, ''),
(493, '2014-05-14 04:21:13', 1, 12, '107', '耿车 [钢管  3552.40米][扣件  3698.00个]', 1, ''),
(494, '2014-05-14 04:21:44', 1, 12, '108', '耿车 [钢管  2752.90米]', 1, ''),
(495, '2014-05-14 04:22:25', 1, 12, '109', '耿车 [钢管  3552.10米][扣件  2160.00个]', 1, ''),
(496, '2014-05-14 04:23:04', 1, 12, '110', '耿车 [钢管  2748.70米][扣件  1360.00个]', 1, ''),
(497, '2014-05-14 04:38:37', 1, 10, '292', '耿车 [钢管  4525.40米][扣件  1000.00个]', 2, '已变更 quantity for 租借明细 "钢管  4525.40米".'),
(498, '2014-05-14 04:42:50', 1, 12, '81', '耿车 [钢管  3912.00米]', 2, '已变更 quantity for 归还明细 "钢管  3912.00米".'),
(499, '2014-05-14 04:45:29', 1, 12, '86', '耿车 [钢管   225.90米][扣件  5880.00个]', 2, '已变更 quantity for 归还明细 "钢管   225.90米".'),
(500, '2014-05-14 08:51:46', 1, 10, '307', '大新陈海春 [钢管  3230.00米][扣件  2000.00个]', 1, ''),
(501, '2014-05-14 08:52:26', 1, 10, '308', '大新陈海春 [钢管  3426.00米]', 1, ''),
(502, '2014-05-14 08:53:23', 1, 10, '309', '大新陈海春 [钢管  3360.00米][扣件  2000.00个]', 1, ''),
(503, '2014-05-14 08:55:33', 1, 10, '310', '大新陈海春 [扣件  1000.00个]', 1, ''),
(504, '2014-05-14 08:56:04', 1, 10, '311', '大新陈海春 [扣件  1000.00个]', 1, ''),
(505, '2014-05-14 08:56:57', 1, 10, '312', '大新陈海春 [钢管   300.00米][扣件  1000.00个]', 1, ''),
(506, '2014-05-14 08:57:35', 1, 10, '313', '大新陈海春 [钢管   780.00米]', 1, ''),
(507, '2014-05-14 08:58:09', 1, 10, '314', '大新陈海春 [钢管  3718.00米][扣件  2200.00个]', 1, ''),
(508, '2014-05-14 08:59:09', 1, 10, '315', '大新陈海春 [接头  2000.00个][钢管  3680.00米][扣件  1680.00个]', 1, ''),
(509, '2014-05-14 08:59:46', 1, 10, '316', '大新陈海春 [扣件  3000.00个]', 1, ''),
(510, '2014-05-14 09:00:46', 1, 10, '317', '大新陈海春 [钢管  3514.80米][扣件   200.00个]', 1, ''),
(511, '2014-05-14 09:01:28', 1, 10, '318', '大新陈海春 [钢管  4400.00米]', 1, ''),
(512, '2014-05-14 09:02:10', 1, 10, '319', '大新陈海春 [扣件  2500.00个]', 1, ''),
(513, '2014-05-14 09:03:00', 1, 10, '320', '大新陈海春 [接头   320.00个][钢管  3496.10米][扣件  3200.00个]', 1, ''),
(514, '2014-05-14 09:03:38', 1, 10, '321', '大新陈海春 [钢管  3449.50米]', 1, ''),
(515, '2014-05-14 09:04:38', 1, 10, '322', '大新陈海春 [钢管  3532.00米][扣件  2200.00个]', 1, ''),
(516, '2014-05-14 09:05:16', 1, 10, '323', '大新陈海春 [钢管  3068.00米][扣件  2400.00个]', 1, ''),
(517, '2014-05-14 09:06:15', 1, 10, '324', '大新陈海春 [接头   220.00个][钢管  3909.20米][扣件  2200.00个]', 1, ''),
(518, '2014-05-14 09:07:20', 1, 10, '325', '大新陈海春 [钢管  3652.80米][扣件  2240.00个]', 1, ''),
(519, '2014-05-14 09:08:06', 1, 10, '326', '大新陈海春 [钢管  3464.10米]', 1, ''),
(520, '2014-05-14 09:08:34', 1, 10, '327', '大新陈海春 [钢管 14669.20米]', 1, ''),
(521, '2014-05-14 09:09:26', 1, 10, '328', '大新陈海春 [钢管  3639.90米][扣件  4200.00个]', 1, ''),
(522, '2014-05-14 09:10:22', 1, 10, '329', '大新陈海春 [接头  3400.00个][扣件  2000.00个]', 1, ''),
(523, '2014-05-14 09:10:51', 1, 10, '330', '大新陈海春 [扣件  1000.00个]', 1, ''),
(524, '2014-05-14 09:11:31', 1, 10, '331', '大新陈海春 [钢管   933.80米]', 1, ''),
(525, '2014-05-14 09:12:03', 1, 10, '332', '大新陈海春 [扣件  1520.00个]', 1, ''),
(526, '2014-05-14 09:13:06', 1, 10, '333', '大新陈海春 [钢管  2417.90米][扣件   560.00个]', 1, ''),
(527, '2014-05-14 09:14:01', 1, 12, '111', '大新陈海春 [钢管  2010.50米]', 1, ''),
(528, '2014-05-14 09:14:55', 1, 12, '112', '大新陈海春 [钢管  4090.00米]', 1, ''),
(529, '2014-05-14 09:15:57', 1, 12, '112', '大新陈海春 [钢管  4090.00米]', 3, ''),
(530, '2014-05-14 09:16:36', 1, 10, '334', '大新陈海春 [钢管  4090.00米]', 1, ''),
(531, '2014-05-14 09:17:10', 1, 10, '335', '大新陈海春 [钢管  3567.40米]', 1, ''),
(532, '2014-05-14 09:17:58', 1, 10, '336', '大新陈海春 [接头  1000.00个][扣件  1100.00个]', 1, ''),
(533, '2014-05-14 09:18:30', 1, 10, '337', '大新陈海春 [钢管  3899.40米][扣件  1200.00个]', 1, ''),
(534, '2014-05-14 09:19:20', 1, 10, '338', '大新陈海春 [钢管   330.00米][扣件   400.00个]', 1, ''),
(535, '2014-05-14 09:20:42', 1, 12, '113', '大新陈海春 [接头   323.00个][钢管  2747.40米]', 1, ''),
(536, '2014-05-14 09:21:25', 1, 10, '339', '大新陈海春 [钢管  4200.00米][扣件  2000.00个]', 1, ''),
(537, '2014-05-14 09:22:08', 1, 10, '340', '大新陈海春 [钢管   800.00米][扣件  1530.00个]', 1, ''),
(538, '2014-05-14 09:22:52', 1, 10, '341', '大新陈海春 [钢管  3806.40米][扣件  2520.00个]', 1, ''),
(539, '2014-05-14 09:23:33', 1, 10, '342', '大新陈海春 [扣件  1320.00个]', 1, ''),
(540, '2014-05-14 09:24:14', 1, 10, '343', '大新陈海春 [钢管  3412.70米]', 1, ''),
(541, '2014-05-14 09:25:22', 1, 10, '344', '大新陈海春 [钢管  4012.70米][扣件  2540.00个]', 1, ''),
(542, '2014-05-14 09:27:59', 1, 12, '114', '大新陈海春 [接头   360.00个][钢管  4057.80米][扣件   200.00个]', 1, ''),
(543, '2014-05-14 09:28:46', 1, 10, '345', '大新陈海春 [钢管  3600.00米][扣件  3120.00个]', 1, ''),
(544, '2014-05-14 09:29:45', 1, 10, '346', '大新陈海春 [钢管   479.80米]', 1, ''),
(545, '2014-05-14 09:31:14', 1, 12, '115', '大新陈海春 [接头  1261.00个][钢管  1301.30米][扣件   268.00个]', 1, ''),
(546, '2014-05-14 09:32:07', 1, 10, '347', '大新陈海春 [钢管  3636.00米][扣件  1990.00个]', 1, ''),
(547, '2014-05-14 09:32:58', 1, 10, '348', '大新陈海春 [钢管   915.10米][扣件  1280.00个]', 1, ''),
(548, '2014-05-14 09:33:41', 1, 10, '349', '大新陈海春 [钢管  4008.00米][扣件  1470.00个]', 1, ''),
(549, '2014-05-14 09:34:08', 1, 10, '350', '大新陈海春 [扣件  1500.00个]', 1, ''),
(550, '2014-05-14 09:34:49', 1, 10, '351', '大新陈海春 [钢管  3900.00米][扣件  1500.00个]', 1, ''),
(551, '2014-05-14 09:35:30', 1, 10, '352', '大新陈海春 [扣件  1800.00个]', 1, ''),
(552, '2014-05-14 09:36:16', 1, 12, '116', '大新陈海春 [扣件   279.00个]', 1, ''),
(553, '2014-05-14 09:36:55', 1, 10, '353', '大新陈海春 [钢管  3600.00米][扣件   400.00个]', 1, ''),
(554, '2014-05-14 09:37:47', 1, 10, '354', '大新陈海春 [扣件   880.00个]', 1, ''),
(555, '2014-05-14 09:38:13', 1, 10, '355', '大新陈海春 [扣件  1400.00个]', 1, ''),
(556, '2014-05-14 09:39:14', 1, 10, '356', '大新陈海春 [钢管  1800.00米][扣件   960.00个]', 1, ''),
(557, '2014-05-14 09:40:12', 1, 12, '117', '大新陈海春 [钢管  3331.00米][扣件   169.00个]', 1, ''),
(558, '2014-05-14 09:40:50', 1, 12, '118', '大新陈海春 [钢管  3401.40米]', 1, ''),
(559, '2014-05-14 09:41:56', 1, 12, '119', '大新陈海春 [钢管  7248.50米][扣件   640.00个]', 1, ''),
(560, '2014-05-14 09:42:34', 1, 12, '120', '大新陈海春 [钢管  2392.10米][扣件  3592.00个]', 1, ''),
(561, '2014-05-14 09:43:19', 1, 12, '121', '大新陈海春 [钢管  2582.90米][扣件  7862.00个]', 1, ''),
(562, '2014-05-14 09:44:51', 1, 12, '122', '大新陈海春 [钢管  3631.20米]', 1, ''),
(563, '2014-05-14 09:45:29', 1, 12, '123', '大新陈海春 [钢管  8379.50米][扣件  1227.00个]', 1, ''),
(564, '2014-05-14 09:46:14', 1, 12, '124', '大新陈海春 [钢管 12109.00米]', 1, ''),
(565, '2014-05-14 09:47:03', 1, 10, '357', '大新陈海春 [钢管  1538.40米]', 1, ''),
(566, '2014-05-14 09:48:14', 1, 12, '125', '大新陈海春 [接头   245.00个][钢管  1809.10米][扣件  2228.00个]', 1, ''),
(567, '2014-05-14 09:49:05', 1, 12, '126', '大新陈海春 [钢管  3451.00米][扣件  1677.00个]', 1, ''),
(568, '2014-05-15 08:38:22', 1, 14, '1', 'Receipt object', 1, ''),
(569, '2014-05-16 02:18:35', 1, 10, '285', '耿车 [钢管  3693.00米][扣件  1000.00个]', 2, '已添加 租借明细 "扣件  1000.00个".'),
(570, '2014-05-16 05:03:47', 1, 10, '344', '大新陈海春 [钢管  4012.70米][扣件  4540.00个]', 2, '已变更 quantity for 租借明细 "扣件  4540.00个".'),
(571, '2014-05-16 05:04:29', 1, 10, '344', '大新陈海春 [钢管  4012.70米][扣件  4550.00个]', 2, '已变更 quantity for 租借明细 "扣件  4550.00个".'),
(572, '2014-05-16 05:24:23', 1, 12, '124', '大新陈海春 [钢管  6689.00米][扣件  5420.00个]', 2, '已变更 product for 归还明细 "扣件  5420.00个".'),
(573, '2014-05-16 05:28:31', 1, 10, '358', '大新陈海春 [钢管  3889.60米][扣件  1200.00个]', 1, ''),
(574, '2014-05-16 06:02:28', 1, 8, '13', '程为国', 1, ''),
(575, '2014-05-16 06:04:45', 1, 10, '359', '程为国 [钢管   480.00米]', 1, ''),
(576, '2014-05-16 06:05:43', 1, 10, '360', '程为国 [钢管  3600.00米]', 1, ''),
(577, '2014-05-16 06:06:49', 1, 10, '361', '程为国 [钢管  6900.00米][扣件  2000.00个]', 1, ''),
(578, '2014-05-16 06:07:33', 1, 10, '362', '程为国 [扣件  4300.00个]', 1, ''),
(579, '2014-05-16 06:08:20', 1, 10, '363', '程为国 [钢管  2243.30米]', 1, ''),
(580, '2014-05-16 06:13:39', 1, 12, '127', '程为国 [钢管  7256.30米]', 1, ''),
(581, '2014-05-16 06:14:24', 1, 12, '128', '程为国 [钢管  6167.50米][扣件  3950.00个]', 1, ''),
(582, '2014-05-16 06:15:41', 1, 10, '364', '程为国 [钢管   900.00米][扣件    80.00个]', 1, ''),
(583, '2014-05-16 06:16:21', 1, 10, '365', '程为国 [钢管   800.00米]', 1, ''),
(584, '2014-05-16 06:17:03', 1, 10, '366', '程为国 [钢管   870.00米][扣件  1070.00个]', 1, ''),
(585, '2014-05-16 06:17:46', 1, 10, '367', '程为国 [钢管   523.10米][扣件   150.00个]', 1, ''),
(586, '2014-05-16 06:18:17', 1, 10, '368', '程为国 [扣件   400.00个]', 1, ''),
(587, '2014-05-16 06:18:49', 1, 10, '369', '程为国 [钢管   359.00米]', 1, ''),
(588, '2014-05-16 06:19:29', 1, 10, '370', '程为国 [钢管  1040.00米][扣件   900.00个]', 1, ''),
(589, '2014-05-16 06:20:32', 1, 10, '371', '程为国 [接头    76.00个][钢管   400.00米][扣件  3000.00个]', 1, ''),
(590, '2014-05-16 06:21:10', 1, 10, '371', '程为国 [接头   176.00个][钢管   400.00米][扣件  3000.00个]', 2, '已变更 quantity for 租借明细 "接头   176.00个".'),
(591, '2014-05-16 06:22:24', 1, 10, '372', '程为国 [钢管  1015.00米]', 1, ''),
(592, '2014-05-16 06:23:09', 1, 10, '373', '程为国 [钢管   540.00米][扣件    80.00个]', 1, '');
INSERT INTO `django_admin_log` (`id`, `action_time`, `user_id`, `content_type_id`, `object_id`, `object_repr`, `action_flag`, `change_message`) VALUES
(593, '2014-05-16 06:23:37', 1, 10, '374', '程为国 [钢管  1050.00米]', 1, ''),
(594, '2014-05-16 06:29:19', 1, 10, '375', '程为国 [钢管  2907.50米][扣件   100.00个]', 1, ''),
(595, '2014-05-16 06:35:56', 1, 10, '376', '程为国 [钢管   719.20米][扣件  1000.00个]', 1, ''),
(596, '2014-05-16 06:37:01', 1, 10, '377', '程为国 [接头   200.00个][钢管  1116.30米]', 1, ''),
(597, '2014-05-16 06:37:41', 1, 10, '378', '程为国 [钢管   995.00米][扣件  1000.00个]', 1, ''),
(598, '2014-05-27 04:14:07', 1, 10, '379', '程为国 [钢管   768.80米][扣件  1000.00个]', 1, ''),
(599, '2014-05-27 04:16:42', 1, 12, '129', '程为国 [接头   223.00个][钢管  2105.50米][扣件  1653.00个]', 1, ''),
(600, '2014-05-27 04:18:05', 1, 12, '130', '程为国 [接头     7.00个][钢管  6921.30米][扣件     6.00个]', 1, ''),
(601, '2014-05-27 04:20:51', 1, 10, '380', '程为国 [扣件   320.00个]', 1, ''),
(602, '2014-05-27 04:22:11', 1, 10, '381', '程为国 [钢管  3400.00米][扣件  2000.00个]', 1, ''),
(603, '2014-05-27 04:23:06', 1, 10, '382', '程为国 [钢管  2705.00米][扣件   400.00个]', 1, ''),
(604, '2014-05-27 04:24:52', 1, 10, '383', '程为国 [钢管  2893.40米][扣件  2480.00个]', 1, ''),
(605, '2014-05-27 04:25:16', 1, 10, '384', '程为国 [扣件   400.00个]', 1, ''),
(606, '2014-05-27 04:26:37', 1, 10, '385', '程为国 [钢管  2800.00米][扣件  2440.00个]', 1, ''),
(607, '2014-05-27 04:27:11', 1, 10, '386', '程为国 [钢管   880.00米][扣件   900.00个]', 1, ''),
(608, '2014-05-27 04:27:53', 1, 10, '387', '程为国 [钢管   577.00米][扣件  2120.00个]', 1, ''),
(609, '2014-05-27 04:28:43', 1, 10, '388', '程为国 [钢管  3363.60米][扣件  1000.00个]', 1, ''),
(610, '2014-05-27 04:29:09', 1, 10, '389', '程为国 [扣件   400.00个]', 1, ''),
(611, '2014-05-27 04:29:55', 1, 10, '390', '程为国 [钢管  3682.50米][扣件  1320.00个]', 1, ''),
(612, '2014-05-27 04:30:21', 1, 10, '391', '程为国 [接头   400.00个]', 1, ''),
(613, '2014-05-27 04:31:38', 1, 10, '392', '程为国 [接头   240.00个][钢管  2857.90米][扣件  1500.00个]', 1, ''),
(614, '2014-05-27 04:32:30', 1, 10, '393', '程为国 [接头   320.00个][钢管  2100.00米]', 1, ''),
(615, '2014-05-27 04:36:35', 1, 10, '394', '程为国 [钢管  3384.00米]', 1, ''),
(616, '2014-05-27 04:39:21', 1, 12, '131', '程为国 [接头   139.00个][钢管  3202.10米][扣件  3137.00个]', 1, ''),
(617, '2014-05-27 04:40:13', 1, 12, '132', '程为国 [钢管  3740.40米][扣件  1970.00个]', 1, ''),
(618, '2014-05-27 04:41:19', 1, 12, '133', '程为国 [接头   320.00个][钢管   802.60米][扣件    10.00个]', 1, ''),
(619, '2014-05-27 04:43:27', 1, 12, '134', '程为国 [钢管  7996.00米][扣件  3792.00个]', 1, ''),
(620, '2014-05-27 04:44:25', 1, 12, '135', '程为国 [钢管  2564.40米][扣件  4778.00个]', 1, ''),
(621, '2014-05-27 04:46:24', 1, 12, '136', '程为国 [接头   308.00个][钢管   250.00米][扣件  1028.00个]', 1, ''),
(622, '2014-05-27 04:56:25', 1, 10, '395', '程为国 [钢管   770.00米]', 1, ''),
(623, '2014-05-27 04:57:18', 1, 10, '396', '程为国 [钢管   895.40米]', 1, ''),
(624, '2014-05-27 04:57:52', 1, 10, '397', '程为国 [钢管   515.00米]', 1, ''),
(625, '2014-05-27 04:59:46', 1, 10, '395', '程为国 [钢管   770.00米]', 3, ''),
(626, '2014-05-27 04:59:58', 1, 10, '397', '程为国 [钢管   515.00米]', 3, ''),
(627, '2014-05-27 05:00:14', 1, 10, '396', '程为国 [钢管   895.40米]', 3, ''),
(628, '2014-05-27 05:02:59', 1, 8, '14', '张生平', 1, ''),
(629, '2014-05-27 05:24:29', 1, 8, '14', '张生平', 3, ''),
(630, '2014-05-27 06:37:33', 1, 10, '398', '程为国 [钢管   770.00米]', 1, ''),
(631, '2014-05-27 06:37:34', 1, 10, '399', '程为国 [钢管   770.00米]', 1, ''),
(632, '2014-05-27 06:37:34', 1, 10, '400', '程为国 [钢管   770.00米]', 1, ''),
(633, '2014-05-27 06:38:05', 1, 10, '401', '程为国 [钢管   895.40米]', 1, ''),
(634, '2014-05-27 06:38:33', 1, 10, '402', '程为国 [钢管   515.00米]', 1, ''),
(635, '2014-05-27 06:39:15', 1, 10, '403', '程为国 [扣件   280.00个]', 1, ''),
(636, '2014-05-27 06:39:47', 1, 10, '404', '程为国 [钢管  1052.00米]', 1, ''),
(637, '2014-05-27 06:40:33', 1, 10, '405', '程为国 [接头   200.00个][钢管  1162.00米]', 1, ''),
(638, '2014-05-27 06:41:17', 1, 10, '406', '程为国 [接头   280.00个][钢管  1222.60米]', 1, ''),
(639, '2014-05-27 06:41:54', 1, 10, '407', '程为国 [钢管   999.60米]', 1, ''),
(640, '2014-05-27 06:46:13', 1, 10, '408', '程为国 [接头    30.00个][钢管   522.30米]', 1, ''),
(641, '2014-05-27 06:47:38', 1, 12, '137', '程为国 [接头   721.00个][钢管  3131.90米][扣件    17.00个]', 1, ''),
(642, '2014-05-27 06:48:26', 1, 12, '138', '程为国 [接头   147.00个][钢管  2447.30米]', 1, ''),
(643, '2014-05-27 06:49:38', 1, 10, '409', '程为国 [扣件    40.00个]', 1, ''),
(644, '2014-05-27 06:50:21', 1, 10, '410', '程为国 [钢管  2198.00米][扣件  1360.00个]', 1, ''),
(645, '2014-05-27 06:50:59', 1, 10, '411', '大新陈海春 [钢管  1799.80米][扣件   880.00个]', 1, ''),
(646, '2014-05-27 06:51:41', 1, 10, '412', '大新陈海春 [钢管   300.00米][扣件   280.00个]', 1, ''),
(647, '2014-05-27 06:52:16', 1, 10, '413', '大新陈海春 [钢管  3300.00米][扣件  4600.00个]', 1, ''),
(648, '2014-05-27 06:53:02', 1, 10, '414', '程为国 [钢管  3500.00米][扣件  3360.00个]', 1, ''),
(649, '2014-05-27 06:53:32', 1, 10, '415', '程为国 [扣件   160.00个]', 1, ''),
(650, '2014-05-27 06:54:08', 1, 10, '416', '大新陈海春 [钢管  3939.80米][扣件  1600.00个]', 1, ''),
(651, '2014-05-27 06:54:47', 1, 10, '417', '程为国 [钢管  2638.00米][扣件  1560.00个]', 1, ''),
(652, '2014-05-27 06:55:13', 1, 10, '418', '程为国 [扣件   400.00个]', 1, ''),
(653, '2014-05-27 06:55:54', 1, 10, '419', '程为国 [钢管  4578.30米][扣件  1240.00个]', 1, ''),
(654, '2014-05-27 06:56:33', 1, 10, '420', '程为国 [钢管  3747.00米][扣件  3000.00个]', 1, ''),
(655, '2014-05-27 06:57:25', 1, 10, '421', '程为国 [接头    90.00个][钢管  3683.70米][扣件  2000.00个]', 1, ''),
(656, '2014-05-27 06:57:56', 1, 10, '422', '大新陈海春 [接头   290.00个]', 1, ''),
(657, '2014-05-27 06:58:50', 1, 10, '423', '程为国 [钢管  3846.00米][扣件  2000.00个]', 1, ''),
(658, '2014-05-27 06:59:11', 1, 10, '422', '程为国 [接头   290.00个]', 2, '已修改 customer 。'),
(659, '2014-05-27 07:00:34', 1, 10, '424', '程为国 [钢管  1239.10米][扣件  2000.00个]', 1, ''),
(660, '2014-05-27 07:01:14', 1, 10, '425', '程为国 [钢管   245.00米]', 1, ''),
(661, '2014-05-27 07:02:00', 1, 10, '426', '程为国 [钢管  3900.00米][扣件  2160.00个]', 1, ''),
(662, '2014-05-27 07:03:02', 1, 10, '427', '程为国 [接头   800.00个][钢管  4000.00米][扣件  2000.00个]', 1, ''),
(663, '2014-05-27 07:03:54', 1, 10, '428', '程为国 [接头   400.00个][钢管  4020.00米][扣件  2000.00个]', 1, ''),
(664, '2014-05-27 07:04:43', 1, 10, '429', '程为国 [接头   410.00个][钢管  1616.10米][扣件  1000.00个]', 1, ''),
(665, '2014-05-27 07:05:05', 1, 10, '430', '程为国 [钢管  1000.00米]', 1, ''),
(666, '2014-05-27 07:05:32', 1, 10, '431', '程为国 [钢管   508.00米]', 1, ''),
(667, '2014-05-27 07:07:41', 1, 10, '432', '程为国 [钢管  3600.00米]', 1, ''),
(668, '2014-05-27 07:08:15', 1, 10, '433', '程为国 [接头   600.00个]', 1, ''),
(669, '2014-05-27 07:09:31', 1, 10, '434', '程为国 [钢管  3600.00米][扣件  1200.00个]', 1, ''),
(670, '2014-05-27 07:11:27', 1, 12, '139', '程为国 [接头  1876.00个][钢管  4586.10米][扣件 18215.00个]', 1, ''),
(671, '2014-05-27 07:12:20', 1, 12, '140', '程为国 [接头     5.00个][钢管  4480.40米]', 1, ''),
(672, '2014-05-27 07:13:25', 1, 12, '141', '程为国 [接头    14.00个][钢管  4243.80米]', 1, ''),
(673, '2014-05-27 07:14:20', 1, 12, '142', '程为国 [接头   733.00个][钢管  2829.40米][扣件  8286.00个]', 1, ''),
(674, '2014-05-27 07:14:49', 1, 12, '143', '大新陈海春 [钢管 39000.00米]', 1, ''),
(675, '2014-05-27 07:15:54', 1, 12, '143', '程为国 [钢管 39000.00米]', 2, '已修改 customer 。'),
(676, '2014-05-27 07:16:44', 1, 12, '143', '程为国 [钢管 39000.00米]', 3, ''),
(677, '2014-05-27 07:29:15', 1, 10, '375', '程为国 [接头   100.00个][钢管  2907.50米]', 2, '已变更 product for 租借明细 "接头   100.00个".'),
(678, '2014-05-27 07:45:39', 1, 10, '399', '程为国 [钢管   770.00米]', 3, ''),
(679, '2014-05-27 07:45:51', 1, 10, '400', '程为国 [钢管   770.00米]', 3, ''),
(680, '2014-05-27 07:57:09', 1, 10, '435', '程为国 [钢管  1779.80米][扣件   880.00个]', 1, ''),
(681, '2014-05-27 07:57:42', 1, 10, '436', '程为国 [钢管   300.00米][扣件   280.00个]', 1, ''),
(682, '2014-05-27 07:58:35', 1, 10, '437', '程为国 [钢管  3300.00米][扣件  4600.00个]', 1, ''),
(683, '2014-05-27 07:59:17', 1, 10, '438', '程为国 [钢管  3639.80米][扣件  1600.00个]', 1, ''),
(684, '2014-05-27 08:00:12', 1, 12, '144', '程为国 [钢管 46000.00米]', 1, ''),
(685, '2014-05-27 08:00:45', 1, 12, '144', '程为国 [钢管 46000.00米]', 3, ''),
(686, '2014-05-27 08:07:03', 1, 10, '438', '程为国 [钢管  3939.80米][扣件  1600.00个]', 2, '已变更 quantity for 租借明细 "钢管  3939.80米".'),
(687, '2014-05-27 08:14:00', 1, 10, '435', '程为国 [钢管  1799.80米][扣件   880.00个]', 2, '已变更 quantity for 租借明细 "钢管  1799.80米".'),
(688, '2014-05-27 08:19:37', 1, 8, '15', '张胜威', 1, ''),
(689, '2014-05-27 08:21:35', 1, 10, '439', '张胜威 [钢管  2400.00米][扣件  1000.00个]', 1, ''),
(690, '2014-05-27 08:22:18', 1, 10, '440', '张胜威 [钢管  2488.50米][扣件  1400.00个]', 1, ''),
(691, '2014-05-27 08:23:22', 1, 10, '441', '张胜威 [钢管  3560.00米][扣件  1000.00个]', 1, ''),
(692, '2014-05-27 08:23:58', 1, 10, '442', '张胜威 [钢管  3030.00米][扣件  1200.00个]', 1, ''),
(693, '2014-05-27 08:24:38', 1, 10, '443', '张胜威 [钢管  3375.00米][扣件  2000.00个]', 1, ''),
(694, '2014-05-27 08:25:25', 1, 10, '444', '张胜威 [钢管  1005.00米][扣件  1600.00个]', 1, ''),
(695, '2014-05-27 08:25:56', 1, 10, '445', '张胜威 [扣件   800.00个]', 1, ''),
(696, '2014-05-27 08:27:31', 1, 10, '446', '张胜威 [钢管  4873.70米]', 1, ''),
(697, '2014-05-27 08:28:39', 1, 10, '447', '张胜威 [钢管  2320.20米][扣件  2520.00个]', 1, ''),
(698, '2014-05-27 08:30:16', 1, 10, '448', '张胜威 [接头   220.00个][钢管  2310.70米][扣件   200.00个]', 1, ''),
(699, '2014-05-27 08:31:03', 1, 10, '449', '张胜威 [扣件  1160.00个]', 1, ''),
(700, '2014-05-27 08:31:56', 1, 10, '450', '张胜威 [钢管  1470.00米][扣件  1280.00个]', 1, ''),
(701, '2014-05-27 08:32:45', 1, 10, '451', '张胜威 [钢管   868.00米][扣件  1000.00个]', 1, ''),
(702, '2014-05-27 08:33:20', 1, 10, '452', '张胜威 [扣件   320.00个]', 1, ''),
(703, '2014-05-27 08:34:06', 1, 10, '453', '张胜威 [钢管   447.40米][扣件   400.00个]', 1, ''),
(704, '2014-05-27 08:37:37', 1, 10, '454', '张胜威 [钢管  3356.20米][扣件  2000.00个]', 1, ''),
(705, '2014-05-27 08:38:40', 1, 10, '455', '张胜威 [接头   370.00个][钢管  1050.00米][扣件  1000.00个]', 1, ''),
(706, '2014-05-27 08:40:23', 1, 10, '456', '张胜威 [钢管  1373.00米][扣件  1560.00个]', 1, ''),
(707, '2014-05-27 08:41:02', 1, 10, '457', '张胜威 [钢管  4010.00米][扣件  2200.00个]', 1, ''),
(708, '2014-05-27 08:41:53', 1, 10, '458', '张胜威 [钢管   315.50米][扣件   250.00个]', 1, ''),
(709, '2014-05-27 08:45:06', 1, 10, '459', '张胜威 [接头   600.00个][钢管  2073.60米]', 1, ''),
(710, '2014-05-27 08:46:37', 1, 10, '460', '张胜威 [钢管  2400.00米][扣件  1680.00个]', 1, ''),
(711, '2014-05-27 08:47:18', 1, 10, '461', '张胜威 [钢管  3180.00米]', 1, ''),
(712, '2014-05-27 08:48:13', 1, 10, '462', '张胜威 [钢管  3688.50米][扣件  2400.00个]', 1, ''),
(713, '2014-05-27 08:48:44', 1, 10, '463', '张胜威 [钢管  3802.00米]', 1, ''),
(714, '2014-05-27 08:51:55', 1, 12, '145', '张胜威 [接头   335.00个][钢管  6013.30米][扣件   127.00个]', 1, ''),
(715, '2014-05-27 08:53:33', 1, 10, '464', '张胜威 [扣件  1000.00个]', 1, ''),
(716, '2014-05-27 08:54:19', 1, 10, '465', '张胜威 [接头   200.00个][扣件  1000.00个]', 1, ''),
(717, '2014-05-27 08:55:45', 1, 12, '146', '张胜威 [接头    72.00个][钢管  2382.20米][扣件    10.00个]', 1, ''),
(718, '2014-05-27 08:57:13', 1, 12, '147', '张胜威 [接头    63.00个][钢管  1629.90米][扣件    23.00个]', 1, ''),
(719, '2014-05-27 08:58:49', 1, 10, '466', '张胜威 [钢管  1911.00米][扣件  1000.00个]', 1, ''),
(720, '2014-05-27 08:59:51', 1, 10, '467', '张胜威 [钢管  4600.00米][扣件   200.00个]', 1, ''),
(721, '2014-05-27 09:00:23', 1, 10, '468', '张胜威 [钢管  3701.80米]', 1, ''),
(722, '2014-05-27 09:02:03', 1, 12, '148', '张胜威 [钢管  1117.80米][扣件  2910.00个]', 1, ''),
(723, '2014-05-27 09:02:59', 1, 12, '149', '张胜威 [接头  1022.00个][钢管  3533.80米][扣件    67.00个]', 1, ''),
(724, '2014-05-27 09:04:48', 1, 10, '469', '张胜威 [钢管  1200.00米]', 1, ''),
(725, '2014-05-27 09:05:33', 1, 10, '470', '张胜威 [钢管  4389.20米]', 1, ''),
(726, '2014-05-27 09:06:02', 1, 10, '471', '张胜威 [钢管   875.00米]', 1, ''),
(727, '2014-05-27 09:07:25', 1, 12, '150', '张胜威 [接头    35.00个][钢管  3397.30米][扣件  1820.00个]', 1, ''),
(728, '2014-05-27 09:09:12', 1, 12, '151', '张胜威 [接头    44.00个][钢管  2529.80米][扣件  3310.00个]', 1, ''),
(729, '2014-05-27 09:16:52', 1, 10, '472', '张胜威 [钢管  2201.20米]', 1, ''),
(730, '2014-05-27 09:22:29', 1, 10, '416', '程为国 [钢管  3939.80米][扣件  1600.00个]', 2, '已修改 customer 。'),
(731, '2014-05-27 09:33:21', 1, 10, '435', '程为国 [钢管  1799.80米][扣件   880.00个]', 3, ''),
(732, '2014-05-27 09:33:34', 1, 10, '436', '程为国 [钢管   300.00米][扣件   280.00个]', 3, ''),
(733, '2014-05-27 09:33:46', 1, 10, '437', '程为国 [钢管  3300.00米][扣件  4600.00个]', 3, ''),
(734, '2014-05-27 09:33:59', 1, 10, '438', '程为国 [钢管  3939.80米][扣件  1600.00个]', 3, ''),
(735, '2014-05-27 09:35:00', 1, 10, '411', '程为国 [钢管  1799.80米][扣件   880.00个]', 2, '已修改 customer 。'),
(736, '2014-05-27 09:35:26', 1, 10, '412', '程为国 [钢管   300.00米][扣件   280.00个]', 2, '已修改 customer 。'),
(737, '2014-05-27 09:35:56', 1, 10, '413', '程为国 [钢管  3300.00米][扣件  4600.00个]', 2, '已修改 customer 。'),
(738, '2014-05-28 05:41:54', 1, 10, '153', '皂河 [钢管  4069.80米]', 2, '已修改 customer 。'),
(739, '2014-05-28 05:50:20', 1, 12, '152', '张胜威 [钢管   310.50米][扣件   249.00个]', 1, ''),
(740, '2014-05-28 07:13:40', 1, 10, '48', '104号 [扣件  3000.00个]', 2, '已变更 product for 租借明细 "扣件  3000.00个".'),
(741, '2014-05-28 07:34:31', 1, 10, '93', '104号 [扣件  1720.00个]', 2, '已变更 product for 租借明细 "扣件  1720.00个".'),
(742, '2014-05-28 07:56:10', 1, 12, '32', '104号 [扣件  4778.00个]', 2, '已变更 quantity for 归还明细 "扣件  4778.00个".'),
(743, '2014-05-28 08:19:24', 1, 10, '473', '104号 [钢管   240.00米][扣件   150.00个]', 1, ''),
(744, '2014-05-28 08:20:13', 1, 10, '474', '104号 [钢管  1769.00米][扣件  1200.00个]', 1, ''),
(745, '2014-05-28 08:24:10', 1, 12, '30', '104号 [扣件  3792.00个]', 2, '已变更 quantity for 归还明细 "扣件  3792.00个".'),
(746, '2014-05-28 08:35:02', 1, 12, '153', '104号 [钢管   650.00米]', 1, ''),
(747, '2014-05-28 08:35:50', 1, 12, '154', '104号 [钢管  4213.70米][扣件    35.00个]', 1, ''),
(748, '2014-05-29 02:08:23', 1, 12, '155', '104号 [钢管  1485.00米]', 1, ''),
(749, '2014-05-29 02:09:48', 1, 12, '156', '104号 [钢管   966.90米]', 1, ''),
(750, '2014-06-08 02:51:00', 1, 12, '157', '张胜威 [接头     5.00个][钢管  4059.70米][扣件  2022.00个]', 1, ''),
(751, '2014-06-18 02:38:25', 1, 12, '158', '龙河 [钢管  3973.50米][扣件  2100.00个]', 1, ''),
(752, '2014-06-18 02:39:17', 1, 12, '159', '龙河 [钢管  2682.00米][扣件  1385.00个]', 1, ''),
(753, '2014-06-18 02:40:34', 1, 12, '160', '龙河 [钢管  4213.70米][扣件  2301.00个]', 1, ''),
(754, '2014-06-18 02:41:42', 1, 12, '161', '龙河 [钢管  6969.50米][扣件  3280.00个]', 1, ''),
(755, '2014-06-18 02:42:40', 1, 12, '162', '龙河 [钢管  7755.10米][扣件  4920.00个]', 1, ''),
(756, '2014-06-18 02:43:26', 1, 12, '163', '龙河 [钢管  3691.60米][扣件  1802.00个]', 1, ''),
(757, '2014-06-18 03:57:22', 1, 8, '16', '沈振军', 1, ''),
(758, '2014-06-18 03:58:57', 1, 10, '475', '沈振军 [钢管   300.00米][扣件  2200.00个]', 1, ''),
(759, '2014-06-18 03:59:41', 1, 10, '476', '沈振军 [钢管  3000.00米][扣件  3000.00个]', 1, ''),
(760, '2014-06-18 04:00:31', 1, 10, '477', '沈振军 [钢管  3060.00米][扣件  3000.00个]', 1, ''),
(761, '2014-06-18 04:01:57', 1, 10, '478', '沈振军 [接头   100.00个][钢管   703.70米]', 1, ''),
(762, '2014-06-18 04:03:11', 1, 12, '164', '沈振军 [接头    10.00个][钢管  1208.70米][扣件   517.00个]', 1, ''),
(763, '2014-06-18 04:04:14', 1, 12, '165', '沈振军 [接头    90.00个][钢管   701.30米]', 1, ''),
(764, '2014-06-18 04:36:53', 1, 8, '17', '东升公司', 1, ''),
(765, '2014-06-18 04:38:31', 1, 10, '479', '东升公司 [接头    20.00个][钢管  1050.00米][扣件   750.00个]', 1, ''),
(766, '2014-06-18 04:39:20', 1, 10, '480', '东升公司 [钢管  4000.00米][扣件  3920.00个]', 1, ''),
(767, '2014-06-18 04:40:00', 1, 10, '481', '东升公司 [钢管  1884.30米][扣件   660.00个]', 1, ''),
(768, '2014-06-18 04:41:07', 1, 12, '166', '东升公司 [钢管  2574.20米][扣件   800.00个]', 1, ''),
(769, '2014-06-18 04:41:55', 1, 12, '167', '东升公司 [钢管  1168.40米][扣件  2558.00个]', 1, ''),
(770, '2014-06-18 04:42:49', 1, 12, '168', '东升公司 [接头     2.00个][钢管  1052.50米][扣件   710.00个]', 1, ''),
(771, '2014-06-18 04:43:44', 1, 12, '169', '东升公司 [钢管   861.00米][扣件   263.00个]', 1, ''),
(772, '2014-06-18 04:55:28', 1, 8, '18', '徐士安', 1, ''),
(773, '2014-06-18 04:55:50', 1, 8, '19', '沈振军', 1, ''),
(774, '2014-06-18 04:56:43', 1, 10, '482', '徐士安 [钢管  2083.70米][扣件   400.00个]', 1, ''),
(775, '2014-06-18 04:57:42', 1, 10, '483', '徐士安 [钢管  1015.00米][扣件  1300.00个]', 1, ''),
(776, '2014-06-18 04:58:53', 1, 12, '170', '徐士安 [钢管  1886.50米][扣件  1173.00个]', 1, ''),
(777, '2014-06-18 04:59:32', 1, 12, '171', '徐士安 [钢管   353.30米][扣件    41.00个]', 1, ''),
(778, '2014-06-18 05:04:57', 1, 8, '19', '沈振军', 3, ''),
(779, '2014-06-18 05:05:46', 1, 8, '20', '沈帮潮', 1, ''),
(780, '2014-06-18 05:07:25', 1, 10, '484', '沈帮潮 [钢管  3694.90米][扣件  1880.00个]', 1, ''),
(781, '2014-06-18 05:07:53', 1, 10, '485', '沈帮潮 [扣件   600.00个]', 1, ''),
(782, '2014-06-18 05:08:37', 1, 10, '486', '沈帮潮 [钢管   487.70米][扣件  1840.00个]', 1, ''),
(783, '2014-06-18 05:09:09', 1, 10, '487', '沈帮潮 [钢管  2756.00米][扣件    40.00个]', 1, ''),
(784, '2014-06-18 05:09:46', 1, 10, '488', '沈帮潮 [钢管  1487.20米]', 1, ''),
(785, '2014-06-18 05:10:55', 1, 12, '172', '沈帮潮 [钢管  4740.00米][扣件  2097.00个]', 1, ''),
(786, '2014-06-18 05:11:39', 1, 12, '173', '沈帮潮 [钢管  3752.60米][扣件   190.00个]', 1, ''),
(787, '2014-06-18 05:12:03', 1, 12, '174', '沈帮潮 [扣件  1606.00个]', 1, ''),
(788, '2014-06-23 07:15:52', 1, 12, '175', '程为国 [钢管  7411.10米][扣件  4739.00个]', 1, ''),
(789, '2014-06-23 07:39:39', 1, 12, '176', '程为国 [钢管 34288.60米][扣件    14.00个]', 1, ''),
(790, '2014-06-23 07:41:28', 1, 12, '177', '104号 [钢管  3820.50米]', 1, ''),
(791, '2014-06-23 07:42:02', 1, 12, '178', '104号 [钢管  4265.60米]', 1, ''),
(792, '2014-06-23 07:42:52', 1, 12, '179', '104号 [钢管  4123.30米][扣件     3.00个]', 1, ''),
(793, '2014-06-23 07:43:23', 1, 12, '180', '104号 [钢管  3829.90米]', 1, ''),
(794, '2014-06-23 07:43:59', 1, 12, '181', '104号 [钢管  5226.70米]', 1, ''),
(795, '2014-06-23 07:44:39', 1, 12, '182', '104号 [钢管  4111.60米][扣件     9.00个]', 1, ''),
(796, '2014-06-23 07:45:33', 1, 12, '183', '104号 [钢管  4746.00米][扣件     2.00个]', 1, ''),
(797, '2014-06-23 07:46:12', 1, 12, '184', '104号 [钢管  4165.00米]', 1, ''),
(798, '2014-07-07 06:48:56', 1, 12, '185', '104号 [钢管  1803.60米][扣件  3800.00个]', 1, ''),
(799, '2014-07-07 06:50:59', 1, 10, '489', '徐士安 [钢管   520.00米][扣件    40.00个]', 1, ''),
(800, '2014-07-07 06:52:28', 1, 10, '490', '徐士安 [扣件   340.00个]', 1, ''),
(801, '2014-07-07 06:53:59', 1, 10, '491', '东升公司 [钢管  1630.00米][扣件   500.00个]', 1, ''),
(802, '2014-07-31 06:19:49', 1, 12, '186', '徐士安 [钢管  1261.90米][扣件   601.00个]', 1, ''),
(803, '2014-07-31 07:13:48', 1, 10, '492', '东升公司 [钢管  1470.00米][扣件   520.00个]', 1, ''),
(804, '2014-07-31 07:14:32', 1, 10, '493', '东升公司 [钢管   450.00米][扣件   500.00个]', 1, ''),
(805, '2014-07-31 07:15:27', 1, 10, '494', '东升公司 [钢管  1095.50米][扣件   800.00个]', 1, ''),
(806, '2014-07-31 07:17:45', 1, 10, '495', '东升公司 [钢管  1850.00米][扣件   600.00个]', 1, ''),
(807, '2014-07-31 07:18:33', 1, 10, '496', '东升公司 [钢管  1525.00米][扣件  1000.00个]', 1, ''),
(808, '2014-07-31 07:19:01', 1, 10, '497', '东升公司 [钢管   720.00米]', 1, ''),
(809, '2014-07-31 07:21:59', 1, 12, '187', '张胜威 [钢管  4155.50米]', 1, ''),
(810, '2014-07-31 07:23:22', 1, 12, '188', '张胜威 [钢管  2718.90米][扣件  4609.00个]', 1, ''),
(811, '2014-07-31 07:25:56', 1, 12, '189', '程为国 [接头    87.00个][钢管  3136.00米][扣件   218.00个]', 1, ''),
(812, '2014-08-01 01:08:05', 1, 10, '497', '东升公司 [钢管   720.00米]', 3, ''),
(813, '2014-08-01 01:08:24', 1, 10, '496', '东升公司 [钢管  1525.00米][扣件  1000.00个]', 3, ''),
(814, '2014-08-01 01:08:34', 1, 10, '495', '东升公司 [钢管  1850.00米][扣件   600.00个]', 3, ''),
(815, '2014-08-01 01:08:46', 1, 10, '494', '东升公司 [钢管  1095.50米][扣件   800.00个]', 3, ''),
(816, '2014-08-01 01:08:57', 1, 10, '493', '东升公司 [钢管   450.00米][扣件   500.00个]', 3, ''),
(817, '2014-08-01 01:09:08', 1, 10, '492', '东升公司 [钢管  1470.00米][扣件   520.00个]', 3, ''),
(818, '2014-08-01 01:09:19', 1, 10, '491', '东升公司 [钢管  1630.00米][扣件   500.00个]', 3, ''),
(819, '2014-08-01 01:11:01', 1, 10, '481', '东升公司 [钢管  1884.30米][扣件   660.00个]', 3, ''),
(820, '2014-09-10 07:26:15', 1, 12, '190', '104号 [钢管  8510.40米][扣件  2973.00个]', 1, ''),
(821, '2014-09-10 07:28:13', 1, 12, '191', '程为国 [钢管  8510.40米][扣件  2973.00个]', 1, ''),
(822, '2014-09-15 01:17:42', 1, 12, '192', '耿车 [钢管 18248.20米][扣件  9700.00个]', 1, ''),
(823, '2014-09-15 03:12:49', 1, 10, '498', '耿车 [扣件  2000.00个]', 1, ''),
(824, '2014-09-15 03:14:10', 1, 12, '193', '龙河 [钢管   138.00米]', 1, ''),
(825, '2014-09-15 03:16:20', 1, 12, '193', '龙河 [钢管   138.00米]', 3, ''),
(826, '2014-09-25 06:58:14', 1, 12, '194', '东升公司 [扣件   297.00个]', 1, ''),
(827, '2014-09-25 07:47:50', 1, 10, '499', '张胜威 [钢管  3567.70米][扣件  3000.00个]', 1, ''),
(828, '2014-10-14 02:30:12', 1, 10, '500', '张胜威 [扣件   200.00个]', 1, ''),
(829, '2014-10-14 02:30:48', 1, 10, '501', '张胜威 [扣件  1400.00个]', 1, ''),
(830, '2014-10-14 02:34:03', 1, 12, '195', '张胜威 [接头    16.00个][钢管 11249.50米][扣件    63.00个]', 1, ''),
(831, '2014-10-14 02:37:31', 1, 12, '196', '张胜威 [接头    17.00个][钢管  4244.70米][扣件    76.00个]', 1, ''),
(832, '2014-10-14 02:53:54', 1, 12, '197', '大新陈海春 [钢管 67070.60米]', 1, ''),
(833, '2014-10-26 07:09:12', 1, 12, '198', '程为国 [接头   229.00个][钢管  2971.00米][扣件  4044.00个]', 1, ''),
(834, '2014-10-31 07:33:12', 1, 8, '21', 'abcd', 1, ''),
(835, '2014-10-31 07:33:29', 1, 10, '502', 'abcd [钢管   123.00米]', 1, ''),
(836, '2014-10-31 07:33:59', 1, 10, '502', 'abcd [钢管   123.00米]', 2, '已修改 rent_date 。'),
(837, '2014-10-31 07:40:26', 1, 8, '21', 'abcd', 3, ''),
(838, '2015-01-13 03:58:17', 1, 8, '22', '程为国2', 1, ''),
(839, '2015-01-13 04:00:14', 1, 10, '503', '程为国2 [接头    70.00个][钢管  3703.40米][扣件   880.00个]', 1, ''),
(840, '2015-01-13 04:01:11', 1, 10, '504', '程为国2 [钢管  3401.00米][扣件   200.00个]', 1, ''),
(841, '2015-01-13 04:01:26', 1, 10, '504', '程为国2 [钢管  3401.00米][扣件   200.00个]', 2, '没有字段被修改。'),
(842, '2015-01-13 04:01:34', 1, 10, '504', '程为国2 [钢管  3401.00米][扣件   200.00个]', 2, '没有字段被修改。'),
(843, '2015-01-13 04:02:04', 1, 10, '505', '程为国2 [钢管   764.00米]', 1, ''),
(844, '2015-01-13 04:02:55', 1, 10, '506', '程为国2 [接头   320.00个]', 1, ''),
(845, '2015-01-13 04:04:05', 1, 10, '507', '程为国2 [钢管  1793.50米][扣件   560.00个]', 1, ''),
(846, '2015-01-13 04:05:15', 1, 12, '199', '程为国2 [接头   216.00个][钢管  4100.00米][扣件   502.00个]', 1, ''),
(847, '2015-01-13 04:06:21', 1, 12, '200', '程为国2 [接头     5.00个][钢管  3870.20米]', 1, ''),
(848, '2015-01-13 04:07:22', 1, 12, '201', '程为国2 [接头   195.00个][钢管  1951.60米][扣件  1290.00个]', 1, ''),
(849, '2015-01-13 04:14:18', 1, 8, '23', '张胜威2', 1, ''),
(850, '2015-01-13 04:15:51', 1, 10, '508', '张胜威2 [钢管 28500.30米][扣件 19484.00个]', 1, ''),
(851, '2015-01-13 04:17:37', 1, 9, '11', '钢管', 1, ''),
(852, '2015-01-13 04:18:19', 1, 9, '12', '扣件2', 1, ''),
(853, '2015-01-13 04:20:24', 1, 9, '11', '钢管', 3, ''),
(854, '2015-01-13 04:20:49', 1, 9, '13', '钢管2', 1, ''),
(855, '2015-01-13 04:22:23', 1, 10, '508', '张胜威2 [扣件2 19484.00米][钢管2 28500.30米]', 2, '已变更 product for 租借明细 "钢管2 28500.30米". 已变更 product for 租借明细 "扣件2 19484.00米".'),
(856, '2015-04-08 06:03:51', 1, 9, '14', '顶丝', 1, ''),
(857, '2015-04-08 06:04:49', 1, 8, '24', '李少华三台山', 1, ''),
(858, '2015-04-08 06:05:40', 1, 8, '25', '李少华六塘河', 1, ''),
(859, '2015-04-08 06:06:24', 1, 8, '26', '李少华屠园', 1, ''),
(860, '2015-04-08 06:06:57', 1, 8, '27', '李少华大兴', 1, ''),
(861, '2015-04-08 06:07:29', 1, 8, '28', '李少华罗圩', 1, ''),
(862, '2015-04-08 06:07:36', 1, 8, '29', '李少华罗圩', 1, ''),
(863, '2015-04-08 06:07:45', 1, 8, '30', '李少华罗圩', 1, ''),
(864, '2015-04-08 06:09:15', 1, 8, '31', '东升污水厂和三台山', 1, ''),
(865, '2015-04-08 06:09:44', 1, 8, '32', '东升里仁', 1, ''),
(866, '2015-04-08 06:10:44', 1, 8, '29', '李少华罗圩', 3, ''),
(867, '2015-04-08 06:11:20', 1, 8, '28', '李少华罗圩', 3, ''),
(868, '2015-04-08 06:13:21', 1, 10, '508', '张胜威2 [扣件2 19484.00米][钢管2 28500.30米]', 2, '已修改 rent_date 。'),
(869, '2015-04-08 06:14:57', 1, 10, '509', '李少华三台山 [钢管  4800.00米]', 1, ''),
(870, '2015-04-08 06:16:24', 1, 10, '510', '李少华三台山 [顶丝   158.00个]', 1, ''),
(871, '2015-04-08 06:17:49', 1, 10, '511', '李少华三台山 [接头   310.00个]', 1, ''),
(872, '2015-04-08 06:18:46', 1, 12, '202', '李少华三台山 [钢管  3900.00米]', 1, ''),
(873, '2015-04-08 06:21:31', 1, 10, '512', '李少华三台山 [扣件   190.00个]', 1, ''),
(874, '2015-04-08 06:22:41', 1, 12, '203', '李少华三台山 [接头   310.00个][钢管   900.00米][顶丝   116.00个]', 1, ''),
(875, '2015-04-08 06:23:20', 1, 10, '513', '李少华三台山 [钢管  3645.00米]', 1, ''),
(876, '2015-04-08 06:23:49', 1, 10, '514', '李少华三台山 [钢管  1306.20米]', 1, ''),
(877, '2015-04-08 06:24:24', 1, 10, '515', '李少华三台山 [钢管  3000.00米]', 1, ''),
(878, '2015-04-08 06:24:48', 1, 10, '516', '李少华三台山 [钢管   820.00米]', 1, ''),
(879, '2015-04-08 06:25:19', 1, 10, '517', '李少华三台山 [钢管  1485.00米]', 1, ''),
(880, '2015-04-08 06:26:21', 1, 12, '204', '李少华三台山 [钢管  1959.10米]', 1, ''),
(881, '2015-04-08 06:26:49', 1, 12, '205', '李少华三台山 [钢管  2745.40米]', 1, ''),
(882, '2015-04-08 06:27:40', 1, 12, '206', '李少华三台山 [钢管  3058.50米]', 1, ''),
(883, '2015-04-08 06:34:02', 1, 10, '518', '李少华六塘河 [钢管  4785.90米]', 1, ''),
(884, '2015-04-08 06:34:34', 1, 10, '519', '李少华六塘河 [扣件  2000.00个]', 1, ''),
(885, '2015-04-08 06:35:30', 1, 12, '207', '李少华六塘河 [扣件  2000.00个]', 1, ''),
(886, '2015-04-08 06:38:51', 1, 10, '520', '李少华屠园 [扣件   360.00个]', 1, ''),
(887, '2015-04-08 06:39:24', 1, 10, '521', '李少华屠园 [扣件   300.00个]', 1, ''),
(888, '2015-04-08 06:39:56', 1, 10, '522', '李少华屠园 [扣件   820.00个]', 1, ''),
(889, '2015-04-08 06:40:34', 1, 10, '523', '李少华屠园 [扣件  1160.00个]', 1, ''),
(890, '2015-04-08 06:45:24', 1, 10, '524', '李少华屠园 [扣件   800.00个]', 1, ''),
(891, '2015-04-08 06:47:05', 1, 12, '208', '李少华屠园 [钢管  1412.60米][扣件   900.00个]', 1, ''),
(892, '2015-04-08 06:48:25', 1, 12, '209', '李少华屠园 [钢管   680.30米][扣件   865.00个]', 1, ''),
(893, '2015-04-08 06:49:01', 1, 12, '210', '李少华屠园 [扣件  1946.00个]', 1, ''),
(894, '2015-04-08 06:53:10', 1, 10, '525', '李少华大兴 [钢管   164.00米][扣件    80.00个]', 1, ''),
(895, '2015-04-08 06:53:50', 1, 10, '526', '李少华大兴 [扣件   680.00个]', 1, ''),
(896, '2015-04-08 06:54:56', 1, 12, '211', '李少华大兴 [扣件   678.00个]', 1, ''),
(897, '2015-04-08 06:55:34', 1, 12, '212', '李少华大兴 [钢管   176.00米][扣件    82.00个]', 1, ''),
(898, '2015-04-08 06:56:10', 1, 12, '213', '李少华大兴 [钢管    88.00米]', 1, ''),
(899, '2015-04-08 07:03:38', 1, 10, '525', '李少华大兴 [钢管   264.00米][扣件    80.00个]', 2, '已变更 quantity for 租借明细 "钢管   264.00米".'),
(900, '2015-04-08 07:06:10', 1, 10, '527', '李少华罗圩 [钢管  1863.00米][扣件  1600.00个]', 1, ''),
(901, '2015-04-08 07:13:04', 1, 10, '528', '东升里仁 [钢管  1470.00米][扣件   520.00个]', 1, ''),
(902, '2015-04-08 07:14:18', 1, 10, '529', '东升里仁 [钢管  1095.90米][扣件   800.00个]', 1, ''),
(903, '2015-04-08 07:16:33', 1, 10, '529', '东升里仁 [钢管  1884.30米][扣件   660.00个]', 2, '已修改 rent_date 。 已变更 quantity for 租借明细 "钢管  1884.30米". 已变更 quantity for 租借明细 "扣件   660.00个".'),
(904, '2015-04-08 07:17:17', 1, 10, '528', '东升里仁 [钢管   450.00米][扣件   500.00个]', 2, '已变更 quantity for 租借明细 "钢管   450.00米". 已变更 quantity for 租借明细 "扣件   500.00个".'),
(905, '2015-04-08 07:18:33', 1, 12, '214', '东升里仁 [钢管  1379.90米][扣件   728.00个]', 1, ''),
(906, '2015-04-08 07:19:18', 1, 12, '215', '东升里仁 [钢管   320.30米][扣件   128.00个]', 1, ''),
(907, '2015-04-08 07:20:59', 1, 10, '530', '东升污水厂和三台山 [钢管  1470.00米][扣件   520.00个]', 1, ''),
(908, '2015-04-08 07:22:01', 1, 10, '531', '东升污水厂和三台山 [钢管  1095.50米][扣件   800.00个]', 1, ''),
(909, '2015-04-08 07:23:05', 1, 10, '532', '东升污水厂和三台山 [钢管  1850.00米][扣件   600.00个]', 1, ''),
(910, '2015-04-08 07:23:49', 1, 10, '533', '东升污水厂和三台山 [钢管  1525.00米][扣件  1000.00个]', 1, ''),
(911, '2015-04-08 07:24:18', 1, 10, '534', '东升污水厂和三台山 [钢管   720.00米]', 1, ''),
(912, '2015-04-08 07:25:05', 1, 10, '535', '东升污水厂和三台山 [钢管   550.00米][扣件   800.00个]', 1, ''),
(913, '2015-04-08 07:25:37', 1, 10, '536', '东升污水厂和三台山 [扣件    80.00个]', 1, ''),
(914, '2015-04-08 07:26:01', 1, 10, '537', '东升污水厂和三台山 [钢管   300.00米]', 1, ''),
(915, '2015-04-08 07:27:04', 1, 10, '538', '东升污水厂和三台山 [钢管  4305.80米][扣件  1500.00个]', 1, ''),
(916, '2015-04-08 07:27:39', 1, 10, '539', '东升污水厂和三台山 [钢管   450.00米][扣件  1200.00个]', 1, ''),
(917, '2015-04-08 07:28:32', 1, 10, '540', '东升污水厂和三台山 [接头   550.00个][钢管  3967.90米][扣件   200.00个]', 1, ''),
(918, '2015-04-08 07:29:05', 1, 10, '541', '东升污水厂和三台山 [钢管  3600.00米][扣件  2000.00个]', 1, ''),
(919, '2015-04-08 07:29:32', 1, 10, '542', '东升污水厂和三台山 [钢管   350.00米]', 1, ''),
(920, '2015-04-08 07:30:08', 1, 10, '543', '东升污水厂和三台山 [钢管   600.00米][扣件  1900.00个]', 1, ''),
(921, '2015-04-08 07:30:47', 1, 10, '544', '东升污水厂和三台山 [钢管  3850.00米]', 1, ''),
(922, '2015-04-08 07:31:36', 1, 10, '545', '东升污水厂和三台山 [钢管  2042.80米][扣件  2200.00个]', 1, ''),
(923, '2015-04-08 07:32:23', 1, 10, '546', '东升污水厂和三台山 [钢管  1130.00米][扣件  2000.00个]', 1, ''),
(924, '2015-04-08 07:33:43', 1, 12, '216', '东升污水厂和三台山 [钢管  3889.30米]', 1, ''),
(925, '2015-04-08 07:34:25', 1, 12, '217', '东升污水厂和三台山 [钢管  3563.90米]', 1, ''),
(926, '2015-04-08 07:34:51', 1, 12, '218', '东升污水厂和三台山 [钢管  3975.50米]', 1, ''),
(927, '2015-04-08 07:35:26', 1, 12, '219', '东升污水厂和三台山 [钢管  4148.90米]', 1, ''),
(928, '2015-04-08 07:36:20', 1, 12, '220', '东升污水厂和三台山 [钢管  2168.70米][扣件  7706.00个]', 1, ''),
(929, '2015-04-08 07:37:15', 1, 12, '221', '东升污水厂和三台山 [钢管  3436.30米][扣件  1057.00个]', 1, ''),
(930, '2015-04-08 07:41:39', 1, 8, '33', '东升杜江', 1, ''),
(931, '2015-04-08 07:42:30', 1, 10, '547', '东升杜江 [扣件   360.00个]', 1, ''),
(932, '2015-04-08 07:43:06', 1, 10, '548', '东升杜江 [钢管  2750.00米]', 1, ''),
(933, '2015-04-08 07:44:20', 1, 10, '549', '东升杜江 [钢管  3555.00米][扣件   760.00个]', 1, ''),
(934, '2015-04-08 07:46:09', 1, 12, '222', '东升杜江 [钢管  6051.30米][扣件  1025.00个]', 1, ''),
(935, '2015-04-22 07:33:47', 1, 10, '550', '东升污水厂和三台山 [扣件   840.00个]', 1, ''),
(936, '2015-04-22 07:36:49', 1, 10, '551', '东升杜江 [钢管  1475.00米][扣件   200.00个]', 1, ''),
(937, '2015-04-22 07:38:14', 1, 10, '552', '东升杜江 [钢管   920.00米][扣件   180.00个]', 1, ''),
(938, '2015-05-07 06:29:30', 1, 12, '223', '东升污水厂和三台山 [钢管  2239.60米][扣件  2762.00个]', 1, ''),
(939, '2015-05-12 05:38:18', 1, 8, '34', '张以领', 1, ''),
(940, '2015-05-12 05:38:58', 1, 8, '35', '馬勇', 1, ''),
(941, '2015-05-12 05:44:02', 1, 10, '553', '张以领 [钢管  1216.70米][扣件   430.00个]', 1, ''),
(942, '2015-05-12 05:44:51', 1, 10, '554', '张以领 [钢管   760.00米][扣件   600.00个]', 1, ''),
(943, '2015-05-12 05:46:23', 1, 10, '555', '张以领 [钢管  3460.00米][扣件  2230.00个]', 1, ''),
(944, '2015-05-12 05:47:40', 1, 10, '556', '张以领 [接头   480.00个][钢管  3604.80米][扣件  1000.00个]', 1, ''),
(945, '2015-05-12 05:49:16', 1, 10, '557', '张以领 [接头   450.00个][顶丝    60.00个][钢管  3373.20米][扣件  3000.00个]', 1, ''),
(946, '2015-05-12 05:50:47', 1, 10, '558', '张以领 [钢管  1434.00米][扣件   100.00个]', 1, ''),
(947, '2015-05-12 05:51:28', 1, 10, '559', '张以领 [钢管  2800.00米][扣件  1000.00个]', 1, ''),
(948, '2015-05-12 05:52:27', 1, 10, '560', '张以领 [钢管  1850.00米][扣件   100.00个]', 1, ''),
(949, '2015-05-12 05:52:54', 1, 10, '561', '张以领 [扣件   200.00个]', 1, ''),
(950, '2015-05-12 05:53:43', 1, 10, '562', '馬勇 [钢管  1350.00米][扣件   380.00个]', 1, ''),
(951, '2015-05-12 05:54:34', 1, 10, '563', '馬勇 [钢管   900.00米][扣件    90.00个]', 1, ''),
(952, '2015-05-12 05:55:30', 1, 10, '564', '馬勇 [钢管   563.00米][扣件    90.00个]', 1, ''),
(953, '2015-05-12 05:55:52', 1, 10, '565', '馬勇 [钢管   563.00米][扣件    90.00个]', 1, ''),
(954, '2015-05-12 05:56:39', 1, 10, '566', '馬勇 [扣件   400.00个]', 1, ''),
(955, '2015-05-12 05:57:43', 1, 10, '567', '馬勇 [接头   100.00个][钢管  1110.00米][扣件   800.00个]', 1, ''),
(956, '2015-05-12 06:00:11', 1, 10, '565', '馬勇 [钢管   563.00米][扣件    90.00个]', 3, ''),
(957, '2015-05-12 06:02:03', 1, 12, '224', '李少华三台山 [钢管  3376.60米]', 1, ''),
(958, '2015-06-04 03:02:28', 1, 12, '225', '馬勇 [接头    36.00个][钢管  2308.50米][扣件  1300.00个]', 1, ''),
(959, '2015-06-04 03:03:38', 1, 12, '226', '馬勇 [接头    36.00个][钢管  1504.70米][扣件   516.00个]', 1, ''),
(960, '2015-06-10 08:45:47', 1, 12, '225', '馬勇 [接头    61.00个][钢管  2308.50米][扣件  1300.00个]', 2, '已变更 quantity for 归还明细 "接头    61.00个".'),
(961, '2015-06-10 08:49:36', 1, 12, '227', '李少华三台山 [顶丝    38.00个]', 1, ''),
(962, '2015-06-10 08:54:46', 1, 12, '228', '李少华六塘河 [钢管   883.40米]', 1, ''),
(963, '2015-06-10 08:55:39', 1, 12, '229', '李少华六塘河 [钢管  2225.40米]', 1, ''),
(964, '2015-06-10 08:59:39', 1, 12, '230', '张以领 [接头     8.00个][钢管  3348.40米][扣件     3.00个]', 1, ''),
(965, '2015-06-10 08:59:44', 1, 12, '231', '张以领 [接头     8.00个][钢管  3348.40米][扣件     3.00个]', 1, ''),
(966, '2015-06-10 09:01:13', 1, 12, '232', '张以领 [钢管  3506.60米][扣件    28.00个]', 1, ''),
(967, '2015-06-10 09:01:55', 1, 12, '233', '张以领 [扣件   295.00个]', 1, ''),
(968, '2015-06-10 09:03:20', 1, 12, '234', '张以领 [接头    13.00个][钢管  5088.00米][扣件    27.00个]', 1, ''),
(969, '2015-06-10 09:04:16', 1, 12, '235', '张以领 [接头   497.00个][扣件  4097.00个]', 1, ''),
(970, '2015-06-10 09:09:58', 1, 12, '236', '东升污水厂和三台山 [钢管  3572.70米][扣件  1293.00个]', 1, ''),
(971, '2015-06-10 09:09:59', 1, 12, '237', '东升污水厂和三台山 [钢管  3572.70米][扣件  1293.00个]', 1, ''),
(972, '2015-06-10 09:11:36', 1, 12, '237', '东升污水厂和三台山 [钢管  3572.70米][扣件  1293.00个]', 3, ''),
(973, '2015-06-10 09:13:44', 1, 10, '568', '东升污水厂和三台山 [钢管  1210.00米]', 1, ''),
(974, '2015-06-30 06:04:57', 1, 10, '553', '张以领 [钢管  1216.70米][扣件   430.00个]', 3, ''),
(975, '2015-06-30 06:06:22', 1, 10, '554', '张以领 [钢管   760.00米][扣件   600.00个]', 3, ''),
(976, '2015-07-07 02:41:55', 1, 12, '238', '张以领 [接头   278.00个][顶丝    48.00个][扣件  2251.00个][钢管  4179.90米]', 1, ''),
(977, '2015-07-07 02:42:30', 1, 12, '239', '李少华六塘河 [钢管  1951.60米]', 1, ''),
(978, '2015-07-07 02:57:00', 1, 12, '231', '张以领 [接头     8.00个][钢管  3348.40米][扣件     3.00个]', 3, ''),
(979, '2015-09-22 08:46:55', 1, 10, '569', '李少华屠园 [扣件  1600.00个][钢管  1863.00米]', 1, ''),
(980, '2015-09-22 11:44:51', 1, 10, '570', '李少华屠园 [扣件  1600.00个][钢管  1863.00米]', 1, ''),
(981, '2015-09-22 11:45:43', 1, 10, '570', '李少华屠园 [扣件  1600.00个][钢管  1863.00米]', 3, ''),
(982, '2015-09-22 11:47:04', 1, 10, '508', '张胜威2 [钢管 28500.30米][扣件 19484.00个]', 2, '已变更 product for 租借明细 "钢管 28500.30米". 已变更 product for 租借明细 "扣件 19484.00个".'),
(983, '2016-01-17 03:21:32', 1, 12, '240', '东升污水厂和三台山 [扣件   660.00个][钢管  2089.60米]', 1, ''),
(984, '2016-01-17 03:25:03', 1, 12, '241', '东升污水厂和三台山 [钢管   246.10米][扣件   113.00个]', 1, ''),
(985, '2016-01-17 03:25:16', 1, 12, '241', '东升污水厂和三台山 [钢管   246.10米][扣件   113.00个]', 2, '没有字段被修改。'),
(986, '2016-02-02 04:26:49', 1, 10, '552', '东升杜江 [钢管   920.00米][扣件   180.00个]', 3, ''),
(987, '2016-02-02 04:27:19', 1, 10, '551', '东升杜江 [钢管  1475.00米][扣件   200.00个]', 3, ''),
(988, '2016-02-02 04:30:45', 1, 10, '571', '东升污水厂和三台山 [扣件   200.00个][钢管  1475.00米]', 1, ''),
(989, '2016-02-02 04:31:57', 1, 10, '572', '东升污水厂和三台山 [扣件   180.00个][钢管   920.00米]', 1, ''),
(990, '2016-02-02 04:54:02', 1, 8, '36', '陆敬艳', 1, ''),
(991, '2016-02-02 04:57:09', 1, 10, '573', '陆敬艳 [扣件   400.00个][钢管   535.00米]', 1, ''),
(992, '2016-02-02 04:58:00', 1, 10, '573', '陆敬艳 [扣件   400.00个][钢管   535.00米]', 2, '没有字段被修改。'),
(993, '2016-02-02 04:59:26', 1, 10, '574', '陆敬艳 [钢管   600.00米]', 1, ''),
(994, '2016-02-02 05:05:11', 1, 10, '575', '陆敬艳 [钢管   697.40米]', 1, ''),
(995, '2016-02-02 05:06:21', 1, 10, '576', '陆敬艳 [扣件   600.00个]', 1, ''),
(996, '2016-02-02 05:07:02', 1, 10, '577', '陆敬艳 [钢管  1149.20米]', 1, ''),
(997, '2016-02-02 05:07:47', 1, 10, '578', '陆敬艳 [钢管   240.00米]', 1, ''),
(998, '2016-02-02 05:08:37', 1, 10, '579', '陆敬艳 [钢管   417.00米][扣件   200.00个]', 1, ''),
(999, '2016-02-02 05:09:28', 1, 10, '580', '陆敬艳 [钢管   218.40米][扣件   100.00个]', 1, ''),
(1000, '2016-02-02 05:10:10', 1, 10, '581', '陆敬艳 [钢管   414.00米]', 1, ''),
(1001, '2016-02-02 05:10:44', 1, 10, '582', '陆敬艳 [钢管   245.00米]', 1, ''),
(1002, '2016-02-02 05:11:37', 1, 10, '583', '陆敬艳 [钢管   200.00米]', 1, ''),
(1003, '2016-02-02 05:12:16', 1, 10, '584', '陆敬艳 [钢管  1581.90米]', 1, ''),
(1004, '2016-02-02 05:14:44', 1, 12, '242', '陆敬艳 [钢管  1558.90米]', 1, ''),
(1005, '2016-02-02 05:16:16', 1, 10, '585', '陆敬艳 [钢管  2790.50米][扣件  2080.00个]', 1, ''),
(1006, '2016-02-02 05:16:55', 1, 10, '586', '陆敬艳 [钢管   404.00米]', 1, ''),
(1007, '2016-02-02 05:17:43', 1, 10, '587', '陆敬艳 [扣件  2200.00个]', 1, ''),
(1008, '2016-02-02 05:19:49', 1, 10, '588', '陆敬艳 [钢管  4548.10米][扣件  1600.00个]', 1, ''),
(1009, '2016-02-02 05:20:30', 1, 10, '589', '陆敬艳 [钢管  2676.00米]', 1, ''),
(1010, '2016-02-02 05:22:01', 1, 10, '590', '陆敬艳 [钢管   797.60米][扣件  1200.00个]', 1, ''),
(1011, '2016-02-02 05:23:49', 1, 10, '591', '陆敬艳 [钢管  1916.00米][扣件   120.00个]', 1, ''),
(1012, '2016-02-02 05:24:44', 1, 10, '592', '陆敬艳 [钢管  1969.20米][扣件  1600.00个]', 1, ''),
(1013, '2016-02-02 05:25:39', 1, 10, '593', '陆敬艳 [扣件   960.00个]', 1, ''),
(1014, '2016-02-02 05:26:49', 1, 10, '594', '陆敬艳 [钢管   288.00米][扣件  4200.00个]', 1, ''),
(1015, '2016-02-02 05:27:30', 1, 10, '595', '陆敬艳 [钢管   709.20米]', 1, ''),
(1016, '2016-02-02 05:28:17', 1, 10, '596', '陆敬艳 [钢管   769.50米]', 1, ''),
(1017, '2016-02-02 05:29:10', 1, 10, '597', '陆敬艳 [钢管   907.50米]', 1, ''),
(1018, '2016-02-02 05:30:27', 1, 10, '598', '陆敬艳 [钢管   585.60米]', 1, ''),
(1019, '2016-02-02 05:31:03', 1, 10, '599', '陆敬艳 [钢管  1275.00米]', 1, ''),
(1020, '2016-02-02 05:32:00', 1, 10, '600', '陆敬艳 [钢管  2322.90米][扣件  1080.00个]', 1, ''),
(1021, '2016-02-02 05:32:49', 1, 10, '601', '陆敬艳 [钢管  2340.00米][扣件  1780.00个]', 1, ''),
(1022, '2016-02-02 05:33:45', 1, 10, '602', '陆敬艳 [钢管  1224.00米][扣件   240.00个]', 1, ''),
(1023, '2016-02-02 05:35:30', 1, 10, '603', '陆敬艳 [钢管   840.00米][扣件  2000.00个]', 1, ''),
(1024, '2016-02-02 05:36:10', 1, 10, '604', '陆敬艳 [钢管   759.50米]', 1, ''),
(1025, '2016-02-02 05:37:20', 1, 10, '605', '陆敬艳 [钢管   675.20米][扣件   540.00个]', 1, ''),
(1026, '2016-02-02 05:38:40', 1, 10, '606', '陆敬艳 [钢管   812.00米][扣件   120.00个]', 1, ''),
(1027, '2016-02-02 05:39:35', 1, 10, '607', '陆敬艳 [钢管   208.00米]', 1, ''),
(1028, '2016-02-02 05:40:20', 1, 10, '608', '陆敬艳 [钢管  1515.10米]', 1, ''),
(1029, '2016-02-02 05:43:09', 1, 12, '243', '陆敬艳 [钢管  3620.20米][扣件  3875.00个]', 1, ''),
(1030, '2016-02-02 05:44:02', 1, 12, '244', '陆敬艳 [钢管  1485.20米][扣件    60.00个]', 1, ''),
(1031, '2016-02-02 05:45:05', 1, 12, '245', '陆敬艳 [钢管  4098.30米][扣件  2277.00个]', 1, ''),
(1032, '2016-02-02 05:47:34', 1, 10, '609', '陆敬艳 [钢管  2436.50米]', 1, ''),
(1033, '2016-02-02 05:48:29', 1, 10, '610', '陆敬艳 [钢管  2810.50米][扣件  1530.00个]', 1, ''),
(1034, '2016-02-02 05:49:48', 1, 10, '611', '陆敬艳 [钢管  2572.60米][扣件  1210.00个]', 1, ''),
(1035, '2016-02-02 05:50:32', 1, 10, '612', '陆敬艳 [钢管  2368.00米][扣件   930.00个]', 1, ''),
(1036, '2016-02-02 05:51:22', 1, 10, '612', '陆敬艳 [钢管  2368.00米][扣件   930.00个]', 2, '已修改 rent_date 。'),
(1037, '2016-02-02 05:52:34', 1, 10, '613', '陆敬艳 [钢管   587.00米][扣件   920.00个]', 1, ''),
(1038, '2016-02-02 05:53:17', 1, 10, '614', '陆敬艳 [钢管  2130.00米][扣件   800.00个]', 1, ''),
(1039, '2016-02-02 05:54:34', 1, 10, '615', '陆敬艳 [钢管  2509.00米][扣件  1320.00个]', 1, ''),
(1040, '2016-02-02 05:55:24', 1, 10, '616', '陆敬艳 [钢管  1766.00米][扣件   400.00个]', 1, ''),
(1041, '2016-02-02 05:57:12', 1, 10, '617', '陆敬艳 [钢管  2498.70米][扣件   410.00个]', 1, ''),
(1042, '2016-02-02 05:58:27', 1, 10, '618', '陆敬艳 [钢管  1094.50米][扣件   800.00个]', 1, ''),
(1043, '2016-02-02 05:59:25', 1, 10, '619', '陆敬艳 [钢管  2582.00米][扣件   800.00个]', 1, ''),
(1044, '2016-02-02 06:01:47', 1, 10, '620', '陆敬艳 [钢管  2418.00米][扣件  1120.00个]', 1, ''),
(1045, '2016-02-02 06:02:21', 1, 10, '621', '陆敬艳 [钢管  1300.00米]', 1, ''),
(1046, '2016-02-02 06:03:21', 1, 10, '622', '陆敬艳 [钢管  2424.00米][扣件   960.00个]', 1, ''),
(1047, '2016-02-02 06:04:06', 1, 10, '623', '陆敬艳 [扣件  1340.00个]', 1, ''),
(1048, '2016-02-02 06:05:21', 1, 10, '624', '陆敬艳 [钢管  1533.00米][扣件   300.00个]', 1, ''),
(1049, '2016-02-02 06:06:50', 1, 10, '625', '陆敬艳 [钢管  2019.00米][扣件   900.00个]', 1, ''),
(1050, '2016-02-02 06:08:12', 1, 12, '246', '陆敬艳 [钢管  2642.90米]', 1, ''),
(1051, '2016-02-02 06:09:12', 1, 12, '247', '馬勇 [钢管   923.20米]', 1, ''),
(1052, '2016-02-02 06:10:16', 1, 10, '626', '陆敬艳 [钢管   653.30米]', 1, ''),
(1053, '2016-02-02 06:11:05', 1, 10, '627', '陆敬艳 [钢管   527.00米]', 1, ''),
(1054, '2016-02-02 06:12:45', 1, 10, '628', '陆敬艳 [钢管  2448.20米]', 1, ''),
(1055, '2016-02-02 06:13:47', 1, 12, '248', '陆敬艳 [钢管   604.30米]', 1, ''),
(1056, '2016-02-02 06:15:08', 1, 12, '247', '陆敬艳 [钢管   923.20米]', 2, '已修改 customer 。'),
(1057, '2016-02-02 06:18:54', 1, 10, '629', '陆敬艳 [钢管  2931.90米][扣件   150.00个]', 1, ''),
(1058, '2016-02-02 06:19:52', 1, 10, '630', '陆敬艳 [钢管   723.60米]', 1, ''),
(1059, '2016-02-02 06:20:59', 1, 10, '631', '陆敬艳 [钢管  1235.50米]', 1, ''),
(1060, '2016-02-02 06:21:47', 1, 10, '632', '陆敬艳 [钢管  1216.20米]', 1, ''),
(1061, '2016-02-02 06:22:37', 1, 10, '633', '陆敬艳 [钢管  2160.00米]', 1, ''),
(1062, '2016-02-02 06:23:58', 1, 10, '634', '陆敬艳 [钢管  1240.40米][扣件   520.00个]', 1, ''),
(1063, '2016-02-02 06:24:35', 1, 10, '635', '陆敬艳 [扣件   280.00个]', 1, ''),
(1064, '2016-02-02 06:26:39', 1, 12, '249', '陆敬艳 [钢管  2390.50米][扣件  1233.00个]', 1, ''),
(1065, '2016-02-02 06:29:02', 1, 12, '250', '陆敬艳 [钢管  3256.00米][扣件  2112.00个]', 1, ''),
(1066, '2016-02-02 06:30:21', 1, 12, '251', '陆敬艳 [钢管  4357.80米][扣件  1619.00个]', 1, ''),
(1067, '2016-02-02 06:31:14', 1, 10, '636', '陆敬艳 [扣件   240.00个]', 1, ''),
(1068, '2016-02-02 06:32:46', 1, 12, '252', '陆敬艳 [钢管  1923.30米]', 1, ''),
(1069, '2016-02-02 06:34:42', 1, 10, '637', '陆敬艳 [接头   150.00个][钢管  1350.00米]', 1, ''),
(1070, '2016-02-02 06:36:52', 1, 10, '638', '陆敬艳 [接头   380.00个][钢管  2287.60米][扣件  1200.00个]', 1, ''),
(1071, '2016-02-02 06:37:48', 1, 10, '639', '陆敬艳 [钢管   340.00米][扣件   280.00个]', 1, ''),
(1072, '2016-02-02 06:45:07', 1, 12, '253', '陆敬艳 [钢管  1767.40米][扣件  1097.00个]', 1, ''),
(1073, '2016-02-02 06:46:15', 1, 10, '640', '陆敬艳 [钢管   960.00米]', 1, ''),
(1074, '2016-02-02 06:46:57', 1, 10, '641', '陆敬艳 [钢管  1204.50米]', 1, ''),
(1075, '2016-02-02 06:47:59', 1, 10, '642', '陆敬艳 [钢管   850.00米][扣件    80.00个]', 1, ''),
(1076, '2016-02-02 06:50:19', 1, 12, '254', '陆敬艳 [钢管  1856.10米][扣件   540.00个]', 1, ''),
(1077, '2016-02-02 06:51:36', 1, 12, '255', '陆敬艳 [钢管   927.40米][扣件   546.00个]', 1, ''),
(1078, '2016-02-02 06:53:20', 1, 10, '643', '陆敬艳 [钢管   606.00米]', 1, ''),
(1079, '2016-02-02 06:53:58', 1, 10, '644', '陆敬艳 [钢管  1884.00米]', 1, ''),
(1080, '2016-02-02 06:55:05', 1, 10, '645', '陆敬艳 [钢管  2109.20米]', 1, ''),
(1081, '2016-02-02 06:56:24', 1, 12, '256', '陆敬艳 [钢管  1279.90米]', 1, ''),
(1082, '2016-02-02 06:57:47', 1, 10, '646', '陆敬艳 [钢管  3240.00米][扣件   160.00个]', 1, ''),
(1083, '2016-02-02 06:58:56', 1, 10, '647', '陆敬艳 [钢管  1038.00米][扣件   800.00个]', 1, ''),
(1084, '2016-02-02 06:59:41', 1, 10, '648', '陆敬艳 [钢管  1320.00米]', 1, ''),
(1085, '2016-02-02 07:00:33', 1, 10, '649', '陆敬艳 [钢管   234.00米][扣件   350.00个]', 1, ''),
(1086, '2016-02-02 07:01:48', 1, 10, '650', '陆敬艳 [钢管   600.00米][扣件   100.00个]', 1, ''),
(1087, '2016-02-02 07:02:51', 1, 10, '651', '陆敬艳 [钢管   195.00米][扣件   200.00个]', 1, ''),
(1088, '2016-02-02 07:03:50', 1, 12, '257', '陆敬艳 [钢管  1511.50米]', 1, ''),
(1089, '2016-02-03 02:24:08', 1, 12, '258', '陆敬艳 [钢管  2343.20米][扣件    56.00个]', 1, ''),
(1090, '2016-02-03 02:25:41', 1, 12, '259', '陆敬艳 [钢管  2193.20米]', 1, '');
INSERT INTO `django_admin_log` (`id`, `action_time`, `user_id`, `content_type_id`, `object_id`, `object_repr`, `action_flag`, `change_message`) VALUES
(1091, '2016-02-03 02:27:06', 1, 12, '260', '陆敬艳 [接头   139.00个][钢管   965.40米][扣件  1347.00个]', 1, ''),
(1092, '2016-02-03 02:28:13', 1, 12, '261', '陆敬艳 [钢管  1039.40米][扣件   627.00个]', 1, ''),
(1093, '2016-02-03 02:29:22', 1, 12, '261', '陆敬艳 [钢管  1039.40米][扣件   627.00个]', 3, ''),
(1094, '2016-02-03 02:33:35', 1, 12, '262', '陆敬艳 [接头    62.00个][扣件   565.00个][钢管  1039.40米]', 1, ''),
(1095, '2016-02-03 02:34:39', 1, 12, '263', '陆敬艳 [钢管  4378.40米][扣件  2667.00个]', 1, ''),
(1096, '2016-02-03 02:36:21', 1, 12, '264', '陆敬艳 [钢管  4316.40米][扣件  2230.00个]', 1, ''),
(1097, '2016-02-03 02:37:53', 1, 12, '265', '陆敬艳 [接头   139.00个][钢管  1598.30米][扣件  2070.00个]', 1, ''),
(1098, '2016-02-03 03:23:25', 1, 12, '266', '陆敬艳 [钢管  1079.50米][扣件  1320.00个]', 1, ''),
(1099, '2016-02-03 03:24:16', 1, 12, '267', '陆敬艳 [钢管  2398.50米]', 1, ''),
(1100, '2016-02-03 03:25:37', 1, 12, '268', '陆敬艳 [钢管  4146.40米][扣件  2600.00个]', 1, ''),
(1101, '2016-02-03 03:26:58', 1, 12, '269', '陆敬艳 [钢管  3893.00米][扣件  2880.00个]', 1, ''),
(1102, '2016-02-03 03:28:27', 1, 10, '652', '陆敬艳 [钢管   264.60米][扣件    50.00个]', 1, ''),
(1103, '2016-02-03 03:29:27', 1, 10, '653', '陆敬艳 [钢管   720.00米][扣件   500.00个]', 1, ''),
(1104, '2016-02-03 03:30:39', 1, 12, '270', '陆敬艳 [钢管  2297.60米]', 1, ''),
(1105, '2016-02-03 03:32:11', 1, 12, '271', '陆敬艳 [钢管  2927.40米][扣件  2755.00个]', 1, ''),
(1106, '2016-02-03 03:34:16', 1, 12, '272', '陆敬艳 [钢管  1732.20米]', 1, ''),
(1107, '2016-02-03 03:36:13', 1, 12, '273', '陆敬艳 [钢管  1971.30米][扣件   235.00个]', 1, ''),
(1108, '2016-02-03 03:38:58', 1, 12, '274', '陆敬艳 [钢管  2084.00米][扣件  1910.00个]', 1, ''),
(1109, '2016-02-03 03:41:13', 1, 12, '275', '陆敬艳 [钢管  2354.40米]', 1, ''),
(1110, '2016-02-03 03:41:16', 1, 12, '276', '陆敬艳 [钢管  2354.40米]', 1, ''),
(1111, '2016-02-03 03:41:54', 1, 12, '276', '陆敬艳 [钢管  2354.40米]', 3, ''),
(1112, '2016-02-03 03:43:18', 1, 12, '277', '陆敬艳 [钢管   716.00米][扣件  2130.00个]', 1, ''),
(1113, '2016-02-03 03:44:43', 1, 12, '278', '陆敬艳 [钢管  1823.60米][扣件  1201.00个]', 1, ''),
(1114, '2016-02-03 03:46:27', 1, 10, '654', '陆敬艳 [钢管   898.00米]', 1, ''),
(1115, '2016-02-03 03:47:47', 1, 12, '279', '陆敬艳 [钢管  3087.80米][扣件  1720.00个]', 1, ''),
(1116, '2016-02-03 03:49:15', 1, 12, '280', '陆敬艳 [钢管  5221.40米][扣件  2750.00个]', 1, ''),
(1117, '2016-02-03 03:50:59', 1, 12, '281', '陆敬艳 [钢管  2107.00米]', 1, ''),
(1118, '2016-02-03 04:00:00', 1, 10, '655', '陆敬艳 [钢管   469.90米]', 1, ''),
(1119, '2016-02-03 04:00:38', 1, 10, '656', '陆敬艳 [钢管   141.50米]', 1, ''),
(1120, '2016-02-03 04:07:39', 1, 12, '282', '陆敬艳 [扣件  2077.90个]', 1, ''),
(1121, '2016-02-03 04:09:13', 1, 12, '283', '陆敬艳 [钢管  2120.30米]', 1, ''),
(1122, '2016-02-03 04:10:29', 1, 10, '657', '陆敬艳 [钢管  1776.00米]', 1, ''),
(1123, '2016-02-03 04:11:11', 1, 10, '658', '陆敬艳 [钢管   420.00米]', 1, ''),
(1124, '2016-02-03 04:12:53', 1, 12, '284', '陆敬艳 [钢管  1838.30米]', 1, ''),
(1125, '2016-02-03 04:13:52', 1, 12, '285', '陆敬艳 [钢管  2522.70米]', 1, ''),
(1126, '2016-02-03 04:23:45', 1, 10, '659', '陆敬艳 [钢管   176.40米][扣件   130.00个]', 1, ''),
(1127, '2016-02-03 04:24:54', 1, 12, '286', '陆敬艳 [钢管   577.40米][扣件   274.00个]', 1, ''),
(1128, '2016-02-03 04:31:02', 1, 10, '660', '陆敬艳 [钢管  2751.00米][扣件  2300.00个]', 1, ''),
(1129, '2016-02-03 04:32:21', 1, 12, '287', '陆敬艳 [钢管  2848.80米][扣件  2291.00个]', 1, ''),
(1130, '2016-02-03 05:26:38', 1, 12, '242', '陆敬艳 [钢管   946.10米]', 2, '已变更 quantity for 归还明细 "钢管   946.10米".'),
(1131, '2016-02-03 05:28:31', 1, 12, '242', '陆敬艳 [钢管  1558.90米]', 2, '已变更 quantity for 归还明细 "钢管  1558.90米".'),
(1132, '2016-02-03 05:29:59', 1, 12, '288', '陆敬艳 [扣件  1581.90个]', 1, ''),
(1133, '2016-02-03 05:32:23', 1, 10, '584', '陆敬艳 [钢管  1581.90米]', 3, ''),
(1134, '2016-03-17 04:44:15', 1, 10, '660', '陆敬艳 [钢管  2751.00米][扣件  2300.00个]', 3, ''),
(1135, '2016-03-17 04:45:38', 1, 12, '287', '陆敬艳 [钢管  2848.80米][扣件  2291.00个]', 3, ''),
(1136, '2016-03-17 04:52:05', 1, 12, '288', '陆敬艳 [钢管  1581.90米]', 2, '已变更 product for 归还明细 "钢管  1581.90米".'),
(1137, '2016-03-17 04:52:07', 1, 12, '288', '陆敬艳 [钢管  1581.90米]', 2, '没有字段被修改。'),
(1138, '2016-03-17 05:10:03', 1, 8, '37', '仰化恒旺门窗厂', 1, ''),
(1139, '2016-03-17 05:12:26', 1, 10, '661', '仰化恒旺门窗厂 [扣件 21089.00个][钢管 32187.20米]', 1, ''),
(1140, '2016-03-17 05:12:29', 1, 10, '662', '仰化恒旺门窗厂 [钢管 32187.20米][扣件 21089.00个]', 1, ''),
(1141, '2016-03-17 05:13:20', 1, 10, '661', '仰化恒旺门窗厂 [扣件 21089.00个][钢管 32187.20米]', 3, ''),
(1142, '2016-03-17 05:15:35', 1, 10, '662', '仰化恒旺门窗厂 [钢管 34187.20米][扣件 22689.00个]', 2, '已变更 quantity for 租借明细 "钢管 34187.20米". 已变更 quantity for 租借明细 "扣件 22689.00个".'),
(1143, '2016-03-17 05:17:40', 1, 10, '662', '仰化恒旺门窗厂 [钢管 36587.20米][扣件 22689.00个]', 2, '已变更 quantity for 租借明细 "钢管 36587.20米".'),
(1144, '2016-03-21 05:09:56', 1, 10, '662', '仰化恒旺门窗厂 [钢管 34587.20米][扣件 22689.00个]', 2, '已修改 rent_date 。 已变更 quantity for 租借明细 "钢管 34587.20米".'),
(1145, '2016-11-25 05:53:36', 1, 9, '15', '钢管', 1, ''),
(1146, '2016-11-25 05:53:46', 1, 9, '15', '钢管', 2, '没有字段被修改。'),
(1147, '2016-11-25 05:54:23', 1, 9, '16', '钢管3', 1, ''),
(1148, '2016-11-25 05:54:31', 1, 9, '16', '钢管3', 2, '没有字段被修改。'),
(1149, '2016-11-25 05:54:49', 1, 9, '17', '扣件3', 1, ''),
(1150, '2016-11-25 05:55:39', 1, 9, '15', '钢管', 3, ''),
(1151, '2016-11-25 05:57:23', 1, 8, '38', '张新合', 1, ''),
(1152, '2016-11-25 05:57:38', 1, 8, '38', '张新合', 2, '没有字段被修改。'),
(1153, '2016-11-25 05:59:13', 1, 10, '663', '张新合 [钢管3    40.00米][扣件3    40.00米]', 1, ''),
(1154, '2016-11-25 06:00:04', 1, 10, '664', '张新合 [钢管3  2584.30米][扣件3  2240.00米]', 1, ''),
(1155, '2016-11-25 06:00:43', 1, 10, '665', '张新合 [钢管3  1203.60米]', 1, ''),
(1156, '2016-11-25 06:01:58', 1, 10, '666', '张新合 [接头   930.00个][钢管3  4580.80米][扣件3  1000.00米]', 1, ''),
(1157, '2016-11-25 06:02:42', 1, 10, '667', '张新合 [钢管3  4076.00米][扣件3  4050.00米]', 1, ''),
(1158, '2016-11-25 06:03:53', 1, 10, '668', '张新合 [钢管3  4807.20米][扣件3  4600.00米]', 1, ''),
(1159, '2016-11-25 06:04:39', 1, 10, '669', '张新合 [钢管3  5628.60米][扣件3   900.00米]', 1, ''),
(1160, '2016-11-25 06:05:38', 1, 10, '670', '张新合 [接头   400.00个][钢管3  5400.00米][扣件3   710.00米]', 1, ''),
(1161, '2016-11-25 06:06:31', 1, 10, '671', '张新合 [钢管3  5300.00米][扣件3  2280.00米]', 1, ''),
(1162, '2016-11-25 06:07:09', 1, 10, '672', '张新合 [钢管3   375.00米][扣件3  2490.00米]', 1, ''),
(1163, '2016-11-25 06:07:44', 1, 10, '673', '张新合 [钢管3  1800.00米][扣件3  1000.00米]', 1, ''),
(1164, '2016-11-25 06:08:11', 1, 10, '674', '张新合 [钢管3  1665.00米]', 1, ''),
(1165, '2016-11-25 06:08:41', 1, 10, '675', '张新合 [钢管3  1036.00米]', 1, ''),
(1166, '2016-11-25 06:09:19', 1, 10, '676', '张新合 [钢管3   912.00米][扣件3   320.00米]', 1, ''),
(1167, '2016-11-25 06:09:46', 1, 10, '677', '张新合 [扣件3   400.00米]', 1, ''),
(1168, '2016-11-25 06:10:32', 1, 10, '678', '张新合 [接头  1870.00个][钢管3   729.00米][扣件3   600.00米]', 1, ''),
(1169, '2016-11-25 06:11:51', 1, 12, '289', '张新合 [钢管3  5244.60米]', 1, ''),
(1170, '2016-11-25 06:12:19', 1, 12, '290', '张新合 [钢管3  5263.10米]', 1, ''),
(1171, '2016-11-25 06:13:02', 1, 12, '291', '张新合 [钢管3  4314.60米][扣件3  4000.00米]', 1, ''),
(1172, '2016-11-25 06:13:40', 1, 12, '292', '张新合 [钢管3   596.20米][扣件3  2532.00米]', 1, ''),
(1173, '2016-11-25 06:14:05', 1, 12, '293', '张新合 [钢管3  2378.10米]', 1, ''),
(1174, '2016-11-25 06:14:48', 1, 12, '294', '张新合 [钢管3  2752.60米]', 1, ''),
(1175, '2016-11-25 06:15:36', 1, 12, '295', '张新合 [钢管3  3552.70米][扣件3  4965.00米]', 1, ''),
(1176, '2016-11-25 06:16:12', 1, 12, '296', '张新合 [钢管3  5002.70米][扣件3   384.00米]', 1, ''),
(1177, '2016-11-25 06:16:47', 1, 12, '297', '张新合 [钢管3  4728.40米][扣件3    25.00米]', 1, ''),
(1178, '2016-11-25 06:17:12', 1, 12, '298', '张新合 [扣件3  4339.00米]', 1, ''),
(1179, '2016-11-25 06:17:42', 1, 12, '299', '张新合 [钢管3  2725.40米][扣件3  1690.00米]', 1, ''),
(1180, '2016-11-25 06:18:18', 1, 12, '300', '张新合 [钢管3  2345.50米][扣件3  1586.00米]', 1, ''),
(1181, '2017-01-23 05:03:39', 1, 10, '679', '李少华屠园 [扣件   190.00个]', 1, ''),
(1182, '2017-01-23 05:22:45', 1, 8, '39', '恒佳花苑', 1, ''),
(1183, '2017-01-23 05:25:08', 1, 10, '680', '恒佳花苑 [钢管3  4980.00米][扣件3  3690.00米]', 1, ''),
(1184, '2017-01-23 05:26:24', 1, 10, '681', '恒佳花苑 [接头    40.00个][钢管3  3025.00米][扣件3   560.00米]', 1, ''),
(1185, '2017-01-23 05:29:16', 1, 10, '682', '恒佳花苑 [接头    40.00个][钢管3  4950.00米][扣件3  3000.00米]', 1, ''),
(1186, '2017-01-23 05:30:30', 1, 10, '683', '恒佳花苑 [钢管3  3840.00米][扣件3   520.00米]', 1, ''),
(1187, '2017-01-23 05:31:34', 1, 10, '684', '恒佳花苑 [扣件3  3520.00米]', 1, ''),
(1188, '2017-01-23 05:52:06', 1, 12, '301', '恒佳花苑 [钢管3  3279.40米][扣件3  1939.00米]', 1, ''),
(1189, '2017-01-23 05:53:54', 1, 12, '302', '恒佳花苑 [钢管3  7965.00米][扣件3  3365.00米]', 1, ''),
(1190, '2017-01-23 05:55:01', 1, 12, '303', '恒佳花苑 [钢管3  4171.00米][扣件3  3508.00米]', 1, ''),
(1191, '2017-01-23 05:55:49', 1, 12, '304', '恒佳花苑 [钢管3   604.40米][扣件3   380.00米]', 1, ''),
(1192, '2017-01-23 06:02:43', 1, 9, '16', '钢管3', 2, '已修改 unit_price 。'),
(1193, '2017-01-23 06:05:42', 1, 9, '17', '扣件3', 2, '已修改 unit_price 。');

-- --------------------------------------------------------

--
-- 表的结构 `django_content_type`
--

CREATE TABLE IF NOT EXISTS `django_content_type` (
  `id` int(11) NOT NULL AUTO_INCREMENT,
  `name` varchar(100) NOT NULL,
  `app_label` varchar(100) NOT NULL,
  `model` varchar(100) NOT NULL,
  PRIMARY KEY (`id`),
  UNIQUE KEY `app_label` (`app_label`,`model`)
) ENGINE=MyISAM  DEFAULT CHARSET=utf8 AUTO_INCREMENT=15 ;

--
-- 转存表中的数据 `django_content_type`
--

INSERT INTO `django_content_type` (`id`, `name`, `app_label`, `model`) VALUES
(1, 'permission', 'auth', 'permission'),
(2, 'group', 'auth', 'group'),
(3, 'user', 'auth', 'user'),
(4, 'content type', 'contenttypes', 'contenttype'),
(5, 'session', 'sessions', 'session'),
(6, 'site', 'sites', 'site'),
(7, 'log entry', 'admin', 'logentry'),
(8, '客户', 'rents', 'customer'),
(9, '产品', 'rents', 'product'),
(10, '租借', 'rents', 'rent'),
(11, '租借明细', 'rents', 'rentdetail'),
(12, '归还', 'rents', 'revert'),
(13, '归还明细', 'rents', 'revertdetail'),
(14, '收款', 'rents', 'receipt');

-- --------------------------------------------------------

--
-- 表的结构 `django_session`
--

CREATE TABLE IF NOT EXISTS `django_session` (
  `session_key` varchar(40) NOT NULL,
  `session_data` longtext NOT NULL,
  `expire_date` datetime NOT NULL,
  PRIMARY KEY (`session_key`),
  KEY `django_session_b7b81f0c` (`expire_date`)
) ENGINE=MyISAM DEFAULT CHARSET=utf8;

--
-- 转存表中的数据 `django_session`
--

INSERT INTO `django_session` (`session_key`, `session_data`, `expire_date`) VALUES
('1yte7ryolswe4bvi9bk4yc8n6xyee4ky', 'OGMwYzZkYjNmYWExNjA3Nzk1MjYwNTVkNzRiYzhmYzM5YzAxOWYyNzp7Il9hdXRoX3VzZXJfYmFja2VuZCI6ImRqYW5nby5jb250cmliLmF1dGguYmFja2VuZHMuTW9kZWxCYWNrZW5kIiwiX2F1dGhfdXNlcl9pZCI6MX0=', '2014-08-19 09:27:05'),
('229nqeaqkurflvzingj50kof7c5uctch', 'OGMwYzZkYjNmYWExNjA3Nzk1MjYwNTVkNzRiYzhmYzM5YzAxOWYyNzp7Il9hdXRoX3VzZXJfYmFja2VuZCI6ImRqYW5nby5jb250cmliLmF1dGguYmFja2VuZHMuTW9kZWxCYWNrZW5kIiwiX2F1dGhfdXNlcl9pZCI6MX0=', '2014-09-03 01:02:29'),
('2skzhkm492a5p5wbmdv1vsbr17tjhi27', 'OGMwYzZkYjNmYWExNjA3Nzk1MjYwNTVkNzRiYzhmYzM5YzAxOWYyNzp7Il9hdXRoX3VzZXJfYmFja2VuZCI6ImRqYW5nby5jb250cmliLmF1dGguYmFja2VuZHMuTW9kZWxCYWNrZW5kIiwiX2F1dGhfdXNlcl9pZCI6MX0=', '2014-05-07 09:11:13'),
('3bg7fn9v82pzbawfdri6s2f4y1jqjz7z', 'OGMwYzZkYjNmYWExNjA3Nzk1MjYwNTVkNzRiYzhmYzM5YzAxOWYyNzp7Il9hdXRoX3VzZXJfYmFja2VuZCI6ImRqYW5nby5jb250cmliLmF1dGguYmFja2VuZHMuTW9kZWxCYWNrZW5kIiwiX2F1dGhfdXNlcl9pZCI6MX0=', '2014-10-03 02:45:47'),
('5mg5x92eakuz5g6blcod351lx3ni2m35', 'OGMwYzZkYjNmYWExNjA3Nzk1MjYwNTVkNzRiYzhmYzM5YzAxOWYyNzp7Il9hdXRoX3VzZXJfYmFja2VuZCI6ImRqYW5nby5jb250cmliLmF1dGguYmFja2VuZHMuTW9kZWxCYWNrZW5kIiwiX2F1dGhfdXNlcl9pZCI6MX0=', '2014-06-29 11:35:22'),
('6njx0wmlxpwnp0fqpgofxhj8dauhoqqz', 'OGMwYzZkYjNmYWExNjA3Nzk1MjYwNTVkNzRiYzhmYzM5YzAxOWYyNzp7Il9hdXRoX3VzZXJfYmFja2VuZCI6ImRqYW5nby5jb250cmliLmF1dGguYmFja2VuZHMuTW9kZWxCYWNrZW5kIiwiX2F1dGhfdXNlcl9pZCI6MX0=', '2014-10-25 02:39:28'),
('7jpkb3dwzvvga14igqplxgxa93gmshd4', 'OGMwYzZkYjNmYWExNjA3Nzk1MjYwNTVkNzRiYzhmYzM5YzAxOWYyNzp7Il9hdXRoX3VzZXJfYmFja2VuZCI6ImRqYW5nby5jb250cmliLmF1dGguYmFja2VuZHMuTW9kZWxCYWNrZW5kIiwiX2F1dGhfdXNlcl9pZCI6MX0=', '2014-07-05 12:11:06'),
('8wpc1yrmuyo1zqyq325p5udnkcylwk2i', 'OGMwYzZkYjNmYWExNjA3Nzk1MjYwNTVkNzRiYzhmYzM5YzAxOWYyNzp7Il9hdXRoX3VzZXJfYmFja2VuZCI6ImRqYW5nby5jb250cmliLmF1dGguYmFja2VuZHMuTW9kZWxCYWNrZW5kIiwiX2F1dGhfdXNlcl9pZCI6MX0=', '2014-11-06 06:49:02'),
('9ys654703l374oxfz8jrvnw121u56lxm', 'OGMwYzZkYjNmYWExNjA3Nzk1MjYwNTVkNzRiYzhmYzM5YzAxOWYyNzp7Il9hdXRoX3VzZXJfYmFja2VuZCI6ImRqYW5nby5jb250cmliLmF1dGguYmFja2VuZHMuTW9kZWxCYWNrZW5kIiwiX2F1dGhfdXNlcl9pZCI6MX0=', '2014-09-24 07:24:54'),
('a6u2fafx5go844ct0kir16y02mjsukg1', 'OGMwYzZkYjNmYWExNjA3Nzk1MjYwNTVkNzRiYzhmYzM5YzAxOWYyNzp7Il9hdXRoX3VzZXJfYmFja2VuZCI6ImRqYW5nby5jb250cmliLmF1dGguYmFja2VuZHMuTW9kZWxCYWNrZW5kIiwiX2F1dGhfdXNlcl9pZCI6MX0=', '2014-06-22 02:48:17'),
('aly3np4h1o7pqaz997pdys43ri5t75sr', 'OTc0Yzk5ZDE3ZGY1ZmIwNzM4YmQ5OTRhZjBhNGFkOGZhN2IyOGZhZjp7fQ==', '2014-05-06 13:43:45'),
('awauy07zbxj2orl4cwd54pr5j18rbmkm', 'OGMwYzZkYjNmYWExNjA3Nzk1MjYwNTVkNzRiYzhmYzM5YzAxOWYyNzp7Il9hdXRoX3VzZXJfYmFja2VuZCI6ImRqYW5nby5jb250cmliLmF1dGguYmFja2VuZHMuTW9kZWxCYWNrZW5kIiwiX2F1dGhfdXNlcl9pZCI6MX0=', '2014-07-25 04:55:09'),
('b7u67bt2ubvp2a0nxhd96c6tu2561h5h', 'OGMwYzZkYjNmYWExNjA3Nzk1MjYwNTVkNzRiYzhmYzM5YzAxOWYyNzp7Il9hdXRoX3VzZXJfYmFja2VuZCI6ImRqYW5nby5jb250cmliLmF1dGguYmFja2VuZHMuTW9kZWxCYWNrZW5kIiwiX2F1dGhfdXNlcl9pZCI6MX0=', '2014-06-03 02:23:03'),
('bkvck28sp38l4r645siib4czpnr96leh', 'OGMwYzZkYjNmYWExNjA3Nzk1MjYwNTVkNzRiYzhmYzM5YzAxOWYyNzp7Il9hdXRoX3VzZXJfYmFja2VuZCI6ImRqYW5nby5jb250cmliLmF1dGguYmFja2VuZHMuTW9kZWxCYWNrZW5kIiwiX2F1dGhfdXNlcl9pZCI6MX0=', '2014-09-18 01:56:14'),
('brk96xedikmlsmmk5wun2wojeuezr6sh', 'OGMwYzZkYjNmYWExNjA3Nzk1MjYwNTVkNzRiYzhmYzM5YzAxOWYyNzp7Il9hdXRoX3VzZXJfYmFja2VuZCI6ImRqYW5nby5jb250cmliLmF1dGguYmFja2VuZHMuTW9kZWxCYWNrZW5kIiwiX2F1dGhfdXNlcl9pZCI6MX0=', '2015-01-05 01:32:45'),
('c34katvornbdsht0i53nsev9woq6bvxa', 'OGMwYzZkYjNmYWExNjA3Nzk1MjYwNTVkNzRiYzhmYzM5YzAxOWYyNzp7Il9hdXRoX3VzZXJfYmFja2VuZCI6ImRqYW5nby5jb250cmliLmF1dGguYmFja2VuZHMuTW9kZWxCYWNrZW5kIiwiX2F1dGhfdXNlcl9pZCI6MX0=', '2014-08-15 01:03:26'),
('dyfo21redznwwrqix1fkcxjzj6yrh392', 'OGMwYzZkYjNmYWExNjA3Nzk1MjYwNTVkNzRiYzhmYzM5YzAxOWYyNzp7Il9hdXRoX3VzZXJfYmFja2VuZCI6ImRqYW5nby5jb250cmliLmF1dGguYmFja2VuZHMuTW9kZWxCYWNrZW5kIiwiX2F1dGhfdXNlcl9pZCI6MX0=', '2014-11-17 13:04:07'),
('esl20s6xzl1w2x1e5p6kjzz0jqg70ubq', 'OGMwYzZkYjNmYWExNjA3Nzk1MjYwNTVkNzRiYzhmYzM5YzAxOWYyNzp7Il9hdXRoX3VzZXJfYmFja2VuZCI6ImRqYW5nby5jb250cmliLmF1dGguYmFja2VuZHMuTW9kZWxCYWNrZW5kIiwiX2F1dGhfdXNlcl9pZCI6MX0=', '2014-08-14 06:19:00'),
('f6wn57q6t4pbh8y0tge3exhbhkoklscd', 'OTc0Yzk5ZDE3ZGY1ZmIwNzM4YmQ5OTRhZjBhNGFkOGZhN2IyOGZhZjp7fQ==', '2014-05-26 02:47:59'),
('gvdye839ncom9lzwiz1lahmw75j990n2', 'OTc0Yzk5ZDE3ZGY1ZmIwNzM4YmQ5OTRhZjBhNGFkOGZhN2IyOGZhZjp7fQ==', '2014-05-26 01:23:38'),
('h7uya02voe2h1q0adqwp895kkgp7lz2e', 'OGMwYzZkYjNmYWExNjA3Nzk1MjYwNTVkNzRiYzhmYzM5YzAxOWYyNzp7Il9hdXRoX3VzZXJfYmFja2VuZCI6ImRqYW5nby5jb250cmliLmF1dGguYmFja2VuZHMuTW9kZWxCYWNrZW5kIiwiX2F1dGhfdXNlcl9pZCI6MX0=', '2014-05-02 12:16:03'),
('jitn52kpjiw59vfj7b5y7jtd58u1jeru', 'OGMwYzZkYjNmYWExNjA3Nzk1MjYwNTVkNzRiYzhmYzM5YzAxOWYyNzp7Il9hdXRoX3VzZXJfYmFja2VuZCI6ImRqYW5nby5jb250cmliLmF1dGguYmFja2VuZHMuTW9kZWxCYWNrZW5kIiwiX2F1dGhfdXNlcl9pZCI6MX0=', '2014-12-21 03:18:41'),
('kg27je6eembni85d5iwebk3nqodmnu0k', 'OGMwYzZkYjNmYWExNjA3Nzk1MjYwNTVkNzRiYzhmYzM5YzAxOWYyNzp7Il9hdXRoX3VzZXJfYmFja2VuZCI6ImRqYW5nby5jb250cmliLmF1dGguYmFja2VuZHMuTW9kZWxCYWNrZW5kIiwiX2F1dGhfdXNlcl9pZCI6MX0=', '2014-05-26 01:27:23'),
('laji8mkm6iyzstfw5xsf412jfncue9xg', 'OGMwYzZkYjNmYWExNjA3Nzk1MjYwNTVkNzRiYzhmYzM5YzAxOWYyNzp7Il9hdXRoX3VzZXJfYmFja2VuZCI6ImRqYW5nby5jb250cmliLmF1dGguYmFja2VuZHMuTW9kZWxCYWNrZW5kIiwiX2F1dGhfdXNlcl9pZCI6MX0=', '2014-07-07 07:14:00'),
('llkjq52x7jv8udru7on0mdwyur7qjzgm', 'OGMwYzZkYjNmYWExNjA3Nzk1MjYwNTVkNzRiYzhmYzM5YzAxOWYyNzp7Il9hdXRoX3VzZXJfYmFja2VuZCI6ImRqYW5nby5jb250cmliLmF1dGguYmFja2VuZHMuTW9kZWxCYWNrZW5kIiwiX2F1dGhfdXNlcl9pZCI6MX0=', '2014-06-18 00:39:24'),
('lyj0ya1pm139c3eodm9obvfalqupsdji', 'OGMwYzZkYjNmYWExNjA3Nzk1MjYwNTVkNzRiYzhmYzM5YzAxOWYyNzp7Il9hdXRoX3VzZXJfYmFja2VuZCI6ImRqYW5nby5jb250cmliLmF1dGguYmFja2VuZHMuTW9kZWxCYWNrZW5kIiwiX2F1dGhfdXNlcl9pZCI6MX0=', '2014-11-11 09:02:07'),
('n0f9qoeyaxm1iiddjiqg7hd11sdvwd1p', 'OGMwYzZkYjNmYWExNjA3Nzk1MjYwNTVkNzRiYzhmYzM5YzAxOWYyNzp7Il9hdXRoX3VzZXJfYmFja2VuZCI6ImRqYW5nby5jb250cmliLmF1dGguYmFja2VuZHMuTW9kZWxCYWNrZW5kIiwiX2F1dGhfdXNlcl9pZCI6MX0=', '2014-05-06 13:48:18'),
('na57akx1g1zjy5flqmkrcfwv06azxpnv', 'OGMwYzZkYjNmYWExNjA3Nzk1MjYwNTVkNzRiYzhmYzM5YzAxOWYyNzp7Il9hdXRoX3VzZXJfYmFja2VuZCI6ImRqYW5nby5jb250cmliLmF1dGguYmFja2VuZHMuTW9kZWxCYWNrZW5kIiwiX2F1dGhfdXNlcl9pZCI6MX0=', '2014-06-10 04:10:35'),
('p2v59m9r1fykahser632b5w7pn32qyt9', 'OGMwYzZkYjNmYWExNjA3Nzk1MjYwNTVkNzRiYzhmYzM5YzAxOWYyNzp7Il9hdXRoX3VzZXJfYmFja2VuZCI6ImRqYW5nby5jb250cmliLmF1dGguYmFja2VuZHMuTW9kZWxCYWNrZW5kIiwiX2F1dGhfdXNlcl9pZCI6MX0=', '2014-12-16 02:52:16'),
('pkpue268p2czied5uiqe0ee8hixj82pw', 'OGMwYzZkYjNmYWExNjA3Nzk1MjYwNTVkNzRiYzhmYzM5YzAxOWYyNzp7Il9hdXRoX3VzZXJfYmFja2VuZCI6ImRqYW5nby5jb250cmliLmF1dGguYmFja2VuZHMuTW9kZWxCYWNrZW5kIiwiX2F1dGhfdXNlcl9pZCI6MX0=', '2014-06-10 09:16:07'),
('po8qrlj8t82do87kcnf9586x4bjdhfsy', 'MDQ1MzRjMjA4NmEwZTNmYTQzYzViODhiYThmMTAwMmZjNmZiZDk4MTqAAn1xAVgKAAAAdGVzdGNvb2tpZXECWAYAAAB3b3JrZWRxA3Mu', '2014-04-29 02:55:42'),
('r07ehe51htj5y5ucu6gt4f0s6vtwqz47', 'OGMwYzZkYjNmYWExNjA3Nzk1MjYwNTVkNzRiYzhmYzM5YzAxOWYyNzp7Il9hdXRoX3VzZXJfYmFja2VuZCI6ImRqYW5nby5jb250cmliLmF1dGguYmFja2VuZHMuTW9kZWxCYWNrZW5kIiwiX2F1dGhfdXNlcl9pZCI6MX0=', '2014-04-29 02:28:00'),
('rqp7ifdn4ukx7sgby2zewxkwu2g8o47z', 'OGMwYzZkYjNmYWExNjA3Nzk1MjYwNTVkNzRiYzhmYzM5YzAxOWYyNzp7Il9hdXRoX3VzZXJfYmFja2VuZCI6ImRqYW5nby5jb250cmliLmF1dGguYmFja2VuZHMuTW9kZWxCYWNrZW5kIiwiX2F1dGhfdXNlcl9pZCI6MX0=', '2014-10-28 02:29:23'),
('salika4uobu1kty8pv427t6dcz873oab', 'OGMwYzZkYjNmYWExNjA3Nzk1MjYwNTVkNzRiYzhmYzM5YzAxOWYyNzp7Il9hdXRoX3VzZXJfYmFja2VuZCI6ImRqYW5nby5jb250cmliLmF1dGguYmFja2VuZHMuTW9kZWxCYWNrZW5kIiwiX2F1dGhfdXNlcl9pZCI6MX0=', '2014-05-18 13:12:54'),
('shqk1vbp3lixivo2zqx96yaiua1en1b3', 'OGMwYzZkYjNmYWExNjA3Nzk1MjYwNTVkNzRiYzhmYzM5YzAxOWYyNzp7Il9hdXRoX3VzZXJfYmFja2VuZCI6ImRqYW5nby5jb250cmliLmF1dGguYmFja2VuZHMuTW9kZWxCYWNrZW5kIiwiX2F1dGhfdXNlcl9pZCI6MX0=', '2014-10-09 06:57:04'),
('ufgdzd3j5b9j0h4xdymypnct2km2w42a', 'OGMwYzZkYjNmYWExNjA3Nzk1MjYwNTVkNzRiYzhmYzM5YzAxOWYyNzp7Il9hdXRoX3VzZXJfYmFja2VuZCI6ImRqYW5nby5jb250cmliLmF1dGguYmFja2VuZHMuTW9kZWxCYWNrZW5kIiwiX2F1dGhfdXNlcl9pZCI6MX0=', '2014-05-07 08:18:42'),
('uy32nqcrc2g3h0qn2kvrlz46o9lf2zk3', 'OGMwYzZkYjNmYWExNjA3Nzk1MjYwNTVkNzRiYzhmYzM5YzAxOWYyNzp7Il9hdXRoX3VzZXJfYmFja2VuZCI6ImRqYW5nby5jb250cmliLmF1dGguYmFja2VuZHMuTW9kZWxCYWNrZW5kIiwiX2F1dGhfdXNlcl9pZCI6MX0=', '2014-08-08 05:28:51'),
('vg3mivzcezbq386x9e3evqkh1alx4uag', 'OGMwYzZkYjNmYWExNjA3Nzk1MjYwNTVkNzRiYzhmYzM5YzAxOWYyNzp7Il9hdXRoX3VzZXJfYmFja2VuZCI6ImRqYW5nby5jb250cmliLmF1dGguYmFja2VuZHMuTW9kZWxCYWNrZW5kIiwiX2F1dGhfdXNlcl9pZCI6MX0=', '2014-05-02 06:49:47'),
('vvstg0kll7goahvtk8jqmpho8opolssv', 'OGMwYzZkYjNmYWExNjA3Nzk1MjYwNTVkNzRiYzhmYzM5YzAxOWYyNzp7Il9hdXRoX3VzZXJfYmFja2VuZCI6ImRqYW5nby5jb250cmliLmF1dGguYmFja2VuZHMuTW9kZWxCYWNrZW5kIiwiX2F1dGhfdXNlcl9pZCI6MX0=', '2014-12-22 12:55:06'),
('vyhjg894tse4tc26iw50jrp296epcbwz', 'OGMwYzZkYjNmYWExNjA3Nzk1MjYwNTVkNzRiYzhmYzM5YzAxOWYyNzp7Il9hdXRoX3VzZXJfYmFja2VuZCI6ImRqYW5nby5jb250cmliLmF1dGguYmFja2VuZHMuTW9kZWxCYWNrZW5kIiwiX2F1dGhfdXNlcl9pZCI6MX0=', '2014-07-15 02:57:58'),
('w32xftqjka10pwd1jtn3lcsmsya65lgd', 'OGMwYzZkYjNmYWExNjA3Nzk1MjYwNTVkNzRiYzhmYzM5YzAxOWYyNzp7Il9hdXRoX3VzZXJfYmFja2VuZCI6ImRqYW5nby5jb250cmliLmF1dGguYmFja2VuZHMuTW9kZWxCYWNrZW5kIiwiX2F1dGhfdXNlcl9pZCI6MX0=', '2014-08-05 12:21:35'),
('zj1ymbc34jg5g3h5ir61899x5600eat5', 'OGMwYzZkYjNmYWExNjA3Nzk1MjYwNTVkNzRiYzhmYzM5YzAxOWYyNzp7Il9hdXRoX3VzZXJfYmFja2VuZCI6ImRqYW5nby5jb250cmliLmF1dGguYmFja2VuZHMuTW9kZWxCYWNrZW5kIiwiX2F1dGhfdXNlcl9pZCI6MX0=', '2014-07-09 09:02:26'),
('x0t1l19f3ut5ixf7iw78chs7ljvf9gks', 'OGMwYzZkYjNmYWExNjA3Nzk1MjYwNTVkNzRiYzhmYzM5YzAxOWYyNzp7Il9hdXRoX3VzZXJfYmFja2VuZCI6ImRqYW5nby5jb250cmliLmF1dGguYmFja2VuZHMuTW9kZWxCYWNrZW5kIiwiX2F1dGhfdXNlcl9pZCI6MX0=', '2015-01-24 11:11:36'),
('qqh26o44553oo04wi3k9086yckqh4hl5', 'OGMwYzZkYjNmYWExNjA3Nzk1MjYwNTVkNzRiYzhmYzM5YzAxOWYyNzp7Il9hdXRoX3VzZXJfYmFja2VuZCI6ImRqYW5nby5jb250cmliLmF1dGguYmFja2VuZHMuTW9kZWxCYWNrZW5kIiwiX2F1dGhfdXNlcl9pZCI6MX0=', '2015-01-27 03:56:58'),
('dozzwtom7zzl694ozq9liqz7e0gk83hi', 'OGMwYzZkYjNmYWExNjA3Nzk1MjYwNTVkNzRiYzhmYzM5YzAxOWYyNzp7Il9hdXRoX3VzZXJfYmFja2VuZCI6ImRqYW5nby5jb250cmliLmF1dGguYmFja2VuZHMuTW9kZWxCYWNrZW5kIiwiX2F1dGhfdXNlcl9pZCI6MX0=', '2015-03-17 07:34:11'),
('rxe9yh1efbuzui0af5bghzznk9qe4uem', 'OGMwYzZkYjNmYWExNjA3Nzk1MjYwNTVkNzRiYzhmYzM5YzAxOWYyNzp7Il9hdXRoX3VzZXJfYmFja2VuZCI6ImRqYW5nby5jb250cmliLmF1dGguYmFja2VuZHMuTW9kZWxCYWNrZW5kIiwiX2F1dGhfdXNlcl9pZCI6MX0=', '2015-04-16 03:02:52'),
('ze6jvutr4qrmjzrt4bhq6xgqwtdmnc4d', 'OGMwYzZkYjNmYWExNjA3Nzk1MjYwNTVkNzRiYzhmYzM5YzAxOWYyNzp7Il9hdXRoX3VzZXJfYmFja2VuZCI6ImRqYW5nby5jb250cmliLmF1dGguYmFja2VuZHMuTW9kZWxCYWNrZW5kIiwiX2F1dGhfdXNlcl9pZCI6MX0=', '2015-02-13 06:30:10'),
('us9glx1wy0cl1umdh8g74cofuhrb6jzr', 'OGMwYzZkYjNmYWExNjA3Nzk1MjYwNTVkNzRiYzhmYzM5YzAxOWYyNzp7Il9hdXRoX3VzZXJfYmFja2VuZCI6ImRqYW5nby5jb250cmliLmF1dGguYmFja2VuZHMuTW9kZWxCYWNrZW5kIiwiX2F1dGhfdXNlcl9pZCI6MX0=', '2015-04-22 06:02:01'),
('60xeplt58hjsdk24omgi87alkhw3v87h', 'OGMwYzZkYjNmYWExNjA3Nzk1MjYwNTVkNzRiYzhmYzM5YzAxOWYyNzp7Il9hdXRoX3VzZXJfYmFja2VuZCI6ImRqYW5nby5jb250cmliLmF1dGguYmFja2VuZHMuTW9kZWxCYWNrZW5kIiwiX2F1dGhfdXNlcl9pZCI6MX0=', '2015-04-17 00:53:15'),
('jk238yzbqztjdwoh4rt00f1q1fledvqi', 'OGMwYzZkYjNmYWExNjA3Nzk1MjYwNTVkNzRiYzhmYzM5YzAxOWYyNzp7Il9hdXRoX3VzZXJfYmFja2VuZCI6ImRqYW5nby5jb250cmliLmF1dGguYmFja2VuZHMuTW9kZWxCYWNrZW5kIiwiX2F1dGhfdXNlcl9pZCI6MX0=', '2015-05-06 07:09:32'),
('mr5rxoiy4v5ulakgopegjh1ccxtcgbxp', 'OGMwYzZkYjNmYWExNjA3Nzk1MjYwNTVkNzRiYzhmYzM5YzAxOWYyNzp7Il9hdXRoX3VzZXJfYmFja2VuZCI6ImRqYW5nby5jb250cmliLmF1dGguYmFja2VuZHMuTW9kZWxCYWNrZW5kIiwiX2F1dGhfdXNlcl9pZCI6MX0=', '2015-05-21 06:15:19'),
('2pj2jn4ctrndcedl63myds1synr9mi0i', 'OGMwYzZkYjNmYWExNjA3Nzk1MjYwNTVkNzRiYzhmYzM5YzAxOWYyNzp7Il9hdXRoX3VzZXJfYmFja2VuZCI6ImRqYW5nby5jb250cmliLmF1dGguYmFja2VuZHMuTW9kZWxCYWNrZW5kIiwiX2F1dGhfdXNlcl9pZCI6MX0=', '2015-05-21 06:22:29'),
('q1fre94epj2oihi8bbthyy79drg6jg6n', 'OGMwYzZkYjNmYWExNjA3Nzk1MjYwNTVkNzRiYzhmYzM5YzAxOWYyNzp7Il9hdXRoX3VzZXJfYmFja2VuZCI6ImRqYW5nby5jb250cmliLmF1dGguYmFja2VuZHMuTW9kZWxCYWNrZW5kIiwiX2F1dGhfdXNlcl9pZCI6MX0=', '2015-06-11 01:36:14'),
('tzc5pn1k0l5q59pxw3raxabfzpejxnt2', 'OGMwYzZkYjNmYWExNjA3Nzk1MjYwNTVkNzRiYzhmYzM5YzAxOWYyNzp7Il9hdXRoX3VzZXJfYmFja2VuZCI6ImRqYW5nby5jb250cmliLmF1dGguYmFja2VuZHMuTW9kZWxCYWNrZW5kIiwiX2F1dGhfdXNlcl9pZCI6MX0=', '2015-07-14 05:47:41'),
('y6zryw0z0rl0rlhluewemyj2tbce8vmb', 'OTc0Yzk5ZDE3ZGY1ZmIwNzM4YmQ5OTRhZjBhNGFkOGZhN2IyOGZhZjp7fQ==', '2015-06-18 03:13:55'),
('csoynmasq2casyjhmuhuk7v1gx0jf6qs', 'OGMwYzZkYjNmYWExNjA3Nzk1MjYwNTVkNzRiYzhmYzM5YzAxOWYyNzp7Il9hdXRoX3VzZXJfYmFja2VuZCI6ImRqYW5nby5jb250cmliLmF1dGguYmFja2VuZHMuTW9kZWxCYWNrZW5kIiwiX2F1dGhfdXNlcl9pZCI6MX0=', '2015-06-24 09:10:48'),
('r2yhxs2weubt7dsu3d78hmjh8b8xn8oa', 'OTc0Yzk5ZDE3ZGY1ZmIwNzM4YmQ5OTRhZjBhNGFkOGZhN2IyOGZhZjp7fQ==', '2015-06-29 06:25:28'),
('5ybcwj9uce8frcoosm2ex421m3xngepn', 'OGMwYzZkYjNmYWExNjA3Nzk1MjYwNTVkNzRiYzhmYzM5YzAxOWYyNzp7Il9hdXRoX3VzZXJfYmFja2VuZCI6ImRqYW5nby5jb250cmliLmF1dGguYmFja2VuZHMuTW9kZWxCYWNrZW5kIiwiX2F1dGhfdXNlcl9pZCI6MX0=', '2015-07-21 02:34:56'),
('k8zmg33swnj1rggvsm0xbdrdrseh6xfg', 'OGMwYzZkYjNmYWExNjA3Nzk1MjYwNTVkNzRiYzhmYzM5YzAxOWYyNzp7Il9hdXRoX3VzZXJfYmFja2VuZCI6ImRqYW5nby5jb250cmliLmF1dGguYmFja2VuZHMuTW9kZWxCYWNrZW5kIiwiX2F1dGhfdXNlcl9pZCI6MX0=', '2015-07-21 02:36:30'),
('bnd7w907mkwunf21wr9j2fft6yo6emyz', 'OGMwYzZkYjNmYWExNjA3Nzk1MjYwNTVkNzRiYzhmYzM5YzAxOWYyNzp7Il9hdXRoX3VzZXJfYmFja2VuZCI6ImRqYW5nby5jb250cmliLmF1dGguYmFja2VuZHMuTW9kZWxCYWNrZW5kIiwiX2F1dGhfdXNlcl9pZCI6MX0=', '2015-07-28 08:41:11'),
('j5i92hjl36edz6w958b2f5ztfqau7mj1', 'OGMwYzZkYjNmYWExNjA3Nzk1MjYwNTVkNzRiYzhmYzM5YzAxOWYyNzp7Il9hdXRoX3VzZXJfYmFja2VuZCI6ImRqYW5nby5jb250cmliLmF1dGguYmFja2VuZHMuTW9kZWxCYWNrZW5kIiwiX2F1dGhfdXNlcl9pZCI6MX0=', '2015-08-13 08:41:51'),
('s33n8ii48rv6e9kusyukxhj9ni9mvsq7', 'OGMwYzZkYjNmYWExNjA3Nzk1MjYwNTVkNzRiYzhmYzM5YzAxOWYyNzp7Il9hdXRoX3VzZXJfYmFja2VuZCI6ImRqYW5nby5jb250cmliLmF1dGguYmFja2VuZHMuTW9kZWxCYWNrZW5kIiwiX2F1dGhfdXNlcl9pZCI6MX0=', '2015-09-20 09:36:22'),
('zq5z89ij8avany9xs83ketl3ybbbq5j6', 'OGMwYzZkYjNmYWExNjA3Nzk1MjYwNTVkNzRiYzhmYzM5YzAxOWYyNzp7Il9hdXRoX3VzZXJfYmFja2VuZCI6ImRqYW5nby5jb250cmliLmF1dGguYmFja2VuZHMuTW9kZWxCYWNrZW5kIiwiX2F1dGhfdXNlcl9pZCI6MX0=', '2015-10-06 09:15:56'),
('zsjtiyzp0v0bzvcrkhc4xk5kzn17qyog', 'OGMwYzZkYjNmYWExNjA3Nzk1MjYwNTVkNzRiYzhmYzM5YzAxOWYyNzp7Il9hdXRoX3VzZXJfYmFja2VuZCI6ImRqYW5nby5jb250cmliLmF1dGguYmFja2VuZHMuTW9kZWxCYWNrZW5kIiwiX2F1dGhfdXNlcl9pZCI6MX0=', '2015-11-23 09:48:47'),
('gvs4exxz9pfwarlyoestt1kq58vy9j7k', 'OGMwYzZkYjNmYWExNjA3Nzk1MjYwNTVkNzRiYzhmYzM5YzAxOWYyNzp7Il9hdXRoX3VzZXJfYmFja2VuZCI6ImRqYW5nby5jb250cmliLmF1dGguYmFja2VuZHMuTW9kZWxCYWNrZW5kIiwiX2F1dGhfdXNlcl9pZCI6MX0=', '2015-10-06 11:51:35'),
('zf5cb9bd6di599ka6k5bpiyjr4q1awxe', 'OGMwYzZkYjNmYWExNjA3Nzk1MjYwNTVkNzRiYzhmYzM5YzAxOWYyNzp7Il9hdXRoX3VzZXJfYmFja2VuZCI6ImRqYW5nby5jb250cmliLmF1dGguYmFja2VuZHMuTW9kZWxCYWNrZW5kIiwiX2F1dGhfdXNlcl9pZCI6MX0=', '2015-12-23 01:15:02'),
('kdwtpt9pot2bn8mn29zi6wkvelxuzug6', 'OGMwYzZkYjNmYWExNjA3Nzk1MjYwNTVkNzRiYzhmYzM5YzAxOWYyNzp7Il9hdXRoX3VzZXJfYmFja2VuZCI6ImRqYW5nby5jb250cmliLmF1dGguYmFja2VuZHMuTW9kZWxCYWNrZW5kIiwiX2F1dGhfdXNlcl9pZCI6MX0=', '2016-01-20 01:21:14'),
('f1r8nuxrgoauzv5mtadog11lo0ntner6', 'OGMwYzZkYjNmYWExNjA3Nzk1MjYwNTVkNzRiYzhmYzM5YzAxOWYyNzp7Il9hdXRoX3VzZXJfYmFja2VuZCI6ImRqYW5nby5jb250cmliLmF1dGguYmFja2VuZHMuTW9kZWxCYWNrZW5kIiwiX2F1dGhfdXNlcl9pZCI6MX0=', '2016-01-20 02:09:21'),
('7q8jmw1svtmi38pyiab90x2w4tu3xj9p', 'OGMwYzZkYjNmYWExNjA3Nzk1MjYwNTVkNzRiYzhmYzM5YzAxOWYyNzp7Il9hdXRoX3VzZXJfYmFja2VuZCI6ImRqYW5nby5jb250cmliLmF1dGguYmFja2VuZHMuTW9kZWxCYWNrZW5kIiwiX2F1dGhfdXNlcl9pZCI6MX0=', '2016-01-19 09:33:16'),
('v4oq9l7or53gkssup77btlph85t2lznc', 'OGMwYzZkYjNmYWExNjA3Nzk1MjYwNTVkNzRiYzhmYzM5YzAxOWYyNzp7Il9hdXRoX3VzZXJfYmFja2VuZCI6ImRqYW5nby5jb250cmliLmF1dGguYmFja2VuZHMuTW9kZWxCYWNrZW5kIiwiX2F1dGhfdXNlcl9pZCI6MX0=', '2016-01-20 02:08:42'),
('w7jspeqtnegb0jyjpbop1kuveyht7ft6', 'OGMwYzZkYjNmYWExNjA3Nzk1MjYwNTVkNzRiYzhmYzM5YzAxOWYyNzp7Il9hdXRoX3VzZXJfYmFja2VuZCI6ImRqYW5nby5jb250cmliLmF1dGguYmFja2VuZHMuTW9kZWxCYWNrZW5kIiwiX2F1dGhfdXNlcl9pZCI6MX0=', '2016-01-20 03:39:20'),
('t96wwxbiq44e8rzml7o58f6hxldwcgjn', 'OGMwYzZkYjNmYWExNjA3Nzk1MjYwNTVkNzRiYzhmYzM5YzAxOWYyNzp7Il9hdXRoX3VzZXJfYmFja2VuZCI6ImRqYW5nby5jb250cmliLmF1dGguYmFja2VuZHMuTW9kZWxCYWNrZW5kIiwiX2F1dGhfdXNlcl9pZCI6MX0=', '2016-01-20 05:35:58'),
('3h2qf8v80x0nu1b21rwhdu8dv0w292is', 'OGMwYzZkYjNmYWExNjA3Nzk1MjYwNTVkNzRiYzhmYzM5YzAxOWYyNzp7Il9hdXRoX3VzZXJfYmFja2VuZCI6ImRqYW5nby5jb250cmliLmF1dGguYmFja2VuZHMuTW9kZWxCYWNrZW5kIiwiX2F1dGhfdXNlcl9pZCI6MX0=', '2016-01-21 02:41:29'),
('mihmc9wkjf9uy6l7xo8beih290oo0g47', 'OGMwYzZkYjNmYWExNjA3Nzk1MjYwNTVkNzRiYzhmYzM5YzAxOWYyNzp7Il9hdXRoX3VzZXJfYmFja2VuZCI6ImRqYW5nby5jb250cmliLmF1dGguYmFja2VuZHMuTW9kZWxCYWNrZW5kIiwiX2F1dGhfdXNlcl9pZCI6MX0=', '2016-01-22 08:08:41'),
('lde47j7nrrwqyhhq8qoia3a1ye8j2bx1', 'OGMwYzZkYjNmYWExNjA3Nzk1MjYwNTVkNzRiYzhmYzM5YzAxOWYyNzp7Il9hdXRoX3VzZXJfYmFja2VuZCI6ImRqYW5nby5jb250cmliLmF1dGguYmFja2VuZHMuTW9kZWxCYWNrZW5kIiwiX2F1dGhfdXNlcl9pZCI6MX0=', '2016-01-31 03:18:18'),
('xfh1tz085jqzg1wz0jtlkyvxbxmcqnwc', 'OGMwYzZkYjNmYWExNjA3Nzk1MjYwNTVkNzRiYzhmYzM5YzAxOWYyNzp7Il9hdXRoX3VzZXJfYmFja2VuZCI6ImRqYW5nby5jb250cmliLmF1dGguYmFja2VuZHMuTW9kZWxCYWNrZW5kIiwiX2F1dGhfdXNlcl9pZCI6MX0=', '2016-02-02 05:48:39'),
('0xmcvcuazpnwrqu88aavdmxx8qn5uf71', 'OGMwYzZkYjNmYWExNjA3Nzk1MjYwNTVkNzRiYzhmYzM5YzAxOWYyNzp7Il9hdXRoX3VzZXJfYmFja2VuZCI6ImRqYW5nby5jb250cmliLmF1dGguYmFja2VuZHMuTW9kZWxCYWNrZW5kIiwiX2F1dGhfdXNlcl9pZCI6MX0=', '2016-02-02 05:51:00'),
('37ir09vkbr8jrfosuguofsd3r0ems5og', 'OGMwYzZkYjNmYWExNjA3Nzk1MjYwNTVkNzRiYzhmYzM5YzAxOWYyNzp7Il9hdXRoX3VzZXJfYmFja2VuZCI6ImRqYW5nby5jb250cmliLmF1dGguYmFja2VuZHMuTW9kZWxCYWNrZW5kIiwiX2F1dGhfdXNlcl9pZCI6MX0=', '2016-02-08 02:59:24'),
('exfc1glzf2lxfu17f6cwfm6mgf42uwsn', 'OGMwYzZkYjNmYWExNjA3Nzk1MjYwNTVkNzRiYzhmYzM5YzAxOWYyNzp7Il9hdXRoX3VzZXJfYmFja2VuZCI6ImRqYW5nby5jb250cmliLmF1dGguYmFja2VuZHMuTW9kZWxCYWNrZW5kIiwiX2F1dGhfdXNlcl9pZCI6MX0=', '2016-02-15 08:04:03'),
('zi1o335mv8ioi8lvt2kveo8cbscjmogf', 'OGMwYzZkYjNmYWExNjA3Nzk1MjYwNTVkNzRiYzhmYzM5YzAxOWYyNzp7Il9hdXRoX3VzZXJfYmFja2VuZCI6ImRqYW5nby5jb250cmliLmF1dGguYmFja2VuZHMuTW9kZWxCYWNrZW5kIiwiX2F1dGhfdXNlcl9pZCI6MX0=', '2016-02-16 04:21:27'),
('5zjm6g1f9c189qarovq1h0vd2gweg60v', 'OGMwYzZkYjNmYWExNjA3Nzk1MjYwNTVkNzRiYzhmYzM5YzAxOWYyNzp7Il9hdXRoX3VzZXJfYmFja2VuZCI6ImRqYW5nby5jb250cmliLmF1dGguYmFja2VuZHMuTW9kZWxCYWNrZW5kIiwiX2F1dGhfdXNlcl9pZCI6MX0=', '2016-02-16 05:00:43'),
('8gj5eqs3f8ih8om9rkv0k6e4g3k90zlc', 'OGMwYzZkYjNmYWExNjA3Nzk1MjYwNTVkNzRiYzhmYzM5YzAxOWYyNzp7Il9hdXRoX3VzZXJfYmFja2VuZCI6ImRqYW5nby5jb250cmliLmF1dGguYmFja2VuZHMuTW9kZWxCYWNrZW5kIiwiX2F1dGhfdXNlcl9pZCI6MX0=', '2016-02-16 05:04:03'),
('maei0zhtw5rsrigo29gi6gjuwdpsq2m9', 'OGMwYzZkYjNmYWExNjA3Nzk1MjYwNTVkNzRiYzhmYzM5YzAxOWYyNzp7Il9hdXRoX3VzZXJfYmFja2VuZCI6ImRqYW5nby5jb250cmliLmF1dGguYmFja2VuZHMuTW9kZWxCYWNrZW5kIiwiX2F1dGhfdXNlcl9pZCI6MX0=', '2016-02-17 02:20:44'),
('va8s5qceog9dm5094wku4slmsptf6fn0', 'OGMwYzZkYjNmYWExNjA3Nzk1MjYwNTVkNzRiYzhmYzM5YzAxOWYyNzp7Il9hdXRoX3VzZXJfYmFja2VuZCI6ImRqYW5nby5jb250cmliLmF1dGguYmFja2VuZHMuTW9kZWxCYWNrZW5kIiwiX2F1dGhfdXNlcl9pZCI6MX0=', '2016-02-29 09:42:36'),
('lxvtczhfcf4gco5och8gickf8mthr1lt', 'OGMwYzZkYjNmYWExNjA3Nzk1MjYwNTVkNzRiYzhmYzM5YzAxOWYyNzp7Il9hdXRoX3VzZXJfYmFja2VuZCI6ImRqYW5nby5jb250cmliLmF1dGguYmFja2VuZHMuTW9kZWxCYWNrZW5kIiwiX2F1dGhfdXNlcl9pZCI6MX0=', '2016-03-07 00:48:56'),
('j9qw4vbhw8oj90shenqjq2ij36sj6ojt', 'OGMwYzZkYjNmYWExNjA3Nzk1MjYwNTVkNzRiYzhmYzM5YzAxOWYyNzp7Il9hdXRoX3VzZXJfYmFja2VuZCI6ImRqYW5nby5jb250cmliLmF1dGguYmFja2VuZHMuTW9kZWxCYWNrZW5kIiwiX2F1dGhfdXNlcl9pZCI6MX0=', '2016-03-09 01:12:26'),
('9ivfvojhb3z6kmwlrf8p3igngwp9c02w', 'OGMwYzZkYjNmYWExNjA3Nzk1MjYwNTVkNzRiYzhmYzM5YzAxOWYyNzp7Il9hdXRoX3VzZXJfYmFja2VuZCI6ImRqYW5nby5jb250cmliLmF1dGguYmFja2VuZHMuTW9kZWxCYWNrZW5kIiwiX2F1dGhfdXNlcl9pZCI6MX0=', '2016-03-30 13:00:12'),
('hupeqo1me26385ygtdw5hsllwm06xvp2', 'OGMwYzZkYjNmYWExNjA3Nzk1MjYwNTVkNzRiYzhmYzM5YzAxOWYyNzp7Il9hdXRoX3VzZXJfYmFja2VuZCI6ImRqYW5nby5jb250cmliLmF1dGguYmFja2VuZHMuTW9kZWxCYWNrZW5kIiwiX2F1dGhfdXNlcl9pZCI6MX0=', '2016-03-30 13:03:44'),
('ar0hk9rpn62qaq6fptq1v4mbw5ane88n', 'OGMwYzZkYjNmYWExNjA3Nzk1MjYwNTVkNzRiYzhmYzM5YzAxOWYyNzp7Il9hdXRoX3VzZXJfYmFja2VuZCI6ImRqYW5nby5jb250cmliLmF1dGguYmFja2VuZHMuTW9kZWxCYWNrZW5kIiwiX2F1dGhfdXNlcl9pZCI6MX0=', '2016-03-31 04:41:11'),
('dn0f6ptlqga6774c5s1rsa6na3zykz7d', 'OGMwYzZkYjNmYWExNjA3Nzk1MjYwNTVkNzRiYzhmYzM5YzAxOWYyNzp7Il9hdXRoX3VzZXJfYmFja2VuZCI6ImRqYW5nby5jb250cmliLmF1dGguYmFja2VuZHMuTW9kZWxCYWNrZW5kIiwiX2F1dGhfdXNlcl9pZCI6MX0=', '2016-03-31 04:48:43'),
('7jb9vedeg6ag3eqlynl5pbhupu437se9', 'OGMwYzZkYjNmYWExNjA3Nzk1MjYwNTVkNzRiYzhmYzM5YzAxOWYyNzp7Il9hdXRoX3VzZXJfYmFja2VuZCI6ImRqYW5nby5jb250cmliLmF1dGguYmFja2VuZHMuTW9kZWxCYWNrZW5kIiwiX2F1dGhfdXNlcl9pZCI6MX0=', '2016-03-31 05:08:32'),
('yktdgd99h3xcok0cfbunaa5coc2caolq', 'OGMwYzZkYjNmYWExNjA3Nzk1MjYwNTVkNzRiYzhmYzM5YzAxOWYyNzp7Il9hdXRoX3VzZXJfYmFja2VuZCI6ImRqYW5nby5jb250cmliLmF1dGguYmFja2VuZHMuTW9kZWxCYWNrZW5kIiwiX2F1dGhfdXNlcl9pZCI6MX0=', '2016-04-04 05:08:19'),
('9pkmhl2dvio6xmyyo58ontunfodjmkpj', 'OTc0Yzk5ZDE3ZGY1ZmIwNzM4YmQ5OTRhZjBhNGFkOGZhN2IyOGZhZjp7fQ==', '2016-04-01 07:40:59'),
('g0b69ag6s10hcrtbacbwyv90odzifpi9', 'OGMwYzZkYjNmYWExNjA3Nzk1MjYwNTVkNzRiYzhmYzM5YzAxOWYyNzp7Il9hdXRoX3VzZXJfYmFja2VuZCI6ImRqYW5nby5jb250cmliLmF1dGguYmFja2VuZHMuTW9kZWxCYWNrZW5kIiwiX2F1dGhfdXNlcl9pZCI6MX0=', '2016-04-04 05:22:46'),
('mpameik1v8x9v84cx60ouirhjixlt2pf', 'OGMwYzZkYjNmYWExNjA3Nzk1MjYwNTVkNzRiYzhmYzM5YzAxOWYyNzp7Il9hdXRoX3VzZXJfYmFja2VuZCI6ImRqYW5nby5jb250cmliLmF1dGguYmFja2VuZHMuTW9kZWxCYWNrZW5kIiwiX2F1dGhfdXNlcl9pZCI6MX0=', '2016-04-04 05:33:19'),
('lr8ntqpm27p7danjqa7ypoahdqm4lt9e', 'OGMwYzZkYjNmYWExNjA3Nzk1MjYwNTVkNzRiYzhmYzM5YzAxOWYyNzp7Il9hdXRoX3VzZXJfYmFja2VuZCI6ImRqYW5nby5jb250cmliLmF1dGguYmFja2VuZHMuTW9kZWxCYWNrZW5kIiwiX2F1dGhfdXNlcl9pZCI6MX0=', '2016-04-06 03:15:42'),
('hei617alivhq5sewcvlj533pgf7nw1xk', 'MzU2NGVjMGMyZWVjNmY1MWUzMWIyZjQyZGFlZjI4M2NjNDdjNjVhODp7Il9hdXRoX3VzZXJfaGFzaCI6ImZhYWExYzJlOGI2NjkyOThiZmUzMzE1ZDdjM2Q1N2IzNThiYTc1ZmQiLCJfYXV0aF91c2VyX2JhY2tlbmQiOiJkamFuZ28uY29udHJpYi5hdXRoLmJhY2tlbmRzLk1vZGVsQmFja2VuZCIsIl9hdXRoX3VzZXJfaWQiOiIxIn0=', '2016-04-29 03:20:06'),
('eclum0wyh06zzwsq6zwvvxj1txevaqaf', 'MzU2NGVjMGMyZWVjNmY1MWUzMWIyZjQyZGFlZjI4M2NjNDdjNjVhODp7Il9hdXRoX3VzZXJfaGFzaCI6ImZhYWExYzJlOGI2NjkyOThiZmUzMzE1ZDdjM2Q1N2IzNThiYTc1ZmQiLCJfYXV0aF91c2VyX2JhY2tlbmQiOiJkamFuZ28uY29udHJpYi5hdXRoLmJhY2tlbmRzLk1vZGVsQmFja2VuZCIsIl9hdXRoX3VzZXJfaWQiOiIxIn0=', '2016-04-29 03:40:37'),
('4as58camq8770fcvobph88veuzixqxyh', 'MzU2NGVjMGMyZWVjNmY1MWUzMWIyZjQyZGFlZjI4M2NjNDdjNjVhODp7Il9hdXRoX3VzZXJfaGFzaCI6ImZhYWExYzJlOGI2NjkyOThiZmUzMzE1ZDdjM2Q1N2IzNThiYTc1ZmQiLCJfYXV0aF91c2VyX2JhY2tlbmQiOiJkamFuZ28uY29udHJpYi5hdXRoLmJhY2tlbmRzLk1vZGVsQmFja2VuZCIsIl9hdXRoX3VzZXJfaWQiOiIxIn0=', '2016-04-29 06:24:34'),
('pgkkdcevesod0vpfg3myetd9pdf3nb8j', 'MzU2NGVjMGMyZWVjNmY1MWUzMWIyZjQyZGFlZjI4M2NjNDdjNjVhODp7Il9hdXRoX3VzZXJfaGFzaCI6ImZhYWExYzJlOGI2NjkyOThiZmUzMzE1ZDdjM2Q1N2IzNThiYTc1ZmQiLCJfYXV0aF91c2VyX2JhY2tlbmQiOiJkamFuZ28uY29udHJpYi5hdXRoLmJhY2tlbmRzLk1vZGVsQmFja2VuZCIsIl9hdXRoX3VzZXJfaWQiOiIxIn0=', '2016-05-06 02:48:39'),
('1ospj0ndq8c09d8hmhy5jr8jf5hb7ta3', 'MzU2NGVjMGMyZWVjNmY1MWUzMWIyZjQyZGFlZjI4M2NjNDdjNjVhODp7Il9hdXRoX3VzZXJfaGFzaCI6ImZhYWExYzJlOGI2NjkyOThiZmUzMzE1ZDdjM2Q1N2IzNThiYTc1ZmQiLCJfYXV0aF91c2VyX2JhY2tlbmQiOiJkamFuZ28uY29udHJpYi5hdXRoLmJhY2tlbmRzLk1vZGVsQmFja2VuZCIsIl9hdXRoX3VzZXJfaWQiOiIxIn0=', '2016-05-20 02:45:58'),
('ze6fsg9u6eyzf7el6ah3mqwd1xbmezxg', 'MzU2NGVjMGMyZWVjNmY1MWUzMWIyZjQyZGFlZjI4M2NjNDdjNjVhODp7Il9hdXRoX3VzZXJfaGFzaCI6ImZhYWExYzJlOGI2NjkyOThiZmUzMzE1ZDdjM2Q1N2IzNThiYTc1ZmQiLCJfYXV0aF91c2VyX2JhY2tlbmQiOiJkamFuZ28uY29udHJpYi5hdXRoLmJhY2tlbmRzLk1vZGVsQmFja2VuZCIsIl9hdXRoX3VzZXJfaWQiOiIxIn0=', '2016-07-21 05:00:42'),
('hn9jvarymg3iolqu1vxy6o820wuj38jq', 'MzU2NGVjMGMyZWVjNmY1MWUzMWIyZjQyZGFlZjI4M2NjNDdjNjVhODp7Il9hdXRoX3VzZXJfaGFzaCI6ImZhYWExYzJlOGI2NjkyOThiZmUzMzE1ZDdjM2Q1N2IzNThiYTc1ZmQiLCJfYXV0aF91c2VyX2JhY2tlbmQiOiJkamFuZ28uY29udHJpYi5hdXRoLmJhY2tlbmRzLk1vZGVsQmFja2VuZCIsIl9hdXRoX3VzZXJfaWQiOiIxIn0=', '2016-09-12 01:06:37'),
('26tudizox7ls36dxnw70hwjbxt8akf46', 'MzU2NGVjMGMyZWVjNmY1MWUzMWIyZjQyZGFlZjI4M2NjNDdjNjVhODp7Il9hdXRoX3VzZXJfaGFzaCI6ImZhYWExYzJlOGI2NjkyOThiZmUzMzE1ZDdjM2Q1N2IzNThiYTc1ZmQiLCJfYXV0aF91c2VyX2JhY2tlbmQiOiJkamFuZ28uY29udHJpYi5hdXRoLmJhY2tlbmRzLk1vZGVsQmFja2VuZCIsIl9hdXRoX3VzZXJfaWQiOiIxIn0=', '2016-11-04 08:09:11'),
('far72nh30xjp7c9zjxueq5k5hvd99sh5', 'MzU2NGVjMGMyZWVjNmY1MWUzMWIyZjQyZGFlZjI4M2NjNDdjNjVhODp7Il9hdXRoX3VzZXJfaGFzaCI6ImZhYWExYzJlOGI2NjkyOThiZmUzMzE1ZDdjM2Q1N2IzNThiYTc1ZmQiLCJfYXV0aF91c2VyX2JhY2tlbmQiOiJkamFuZ28uY29udHJpYi5hdXRoLmJhY2tlbmRzLk1vZGVsQmFja2VuZCIsIl9hdXRoX3VzZXJfaWQiOiIxIn0=', '2016-12-09 05:50:54'),
('isry4pbjw7qzxlzg20lruyioktzvkvhw', 'MzU2NGVjMGMyZWVjNmY1MWUzMWIyZjQyZGFlZjI4M2NjNDdjNjVhODp7Il9hdXRoX3VzZXJfaGFzaCI6ImZhYWExYzJlOGI2NjkyOThiZmUzMzE1ZDdjM2Q1N2IzNThiYTc1ZmQiLCJfYXV0aF91c2VyX2JhY2tlbmQiOiJkamFuZ28uY29udHJpYi5hdXRoLmJhY2tlbmRzLk1vZGVsQmFja2VuZCIsIl9hdXRoX3VzZXJfaWQiOiIxIn0=', '2017-01-05 05:38:47'),
('k9b4g1ih5enka8s9mdato6bk7s5q4dph', 'MzU2NGVjMGMyZWVjNmY1MWUzMWIyZjQyZGFlZjI4M2NjNDdjNjVhODp7Il9hdXRoX3VzZXJfaGFzaCI6ImZhYWExYzJlOGI2NjkyOThiZmUzMzE1ZDdjM2Q1N2IzNThiYTc1ZmQiLCJfYXV0aF91c2VyX2JhY2tlbmQiOiJkamFuZ28uY29udHJpYi5hdXRoLmJhY2tlbmRzLk1vZGVsQmFja2VuZCIsIl9hdXRoX3VzZXJfaWQiOiIxIn0=', '2017-01-05 05:38:50'),
('ly6b9g0y70nvj22rxyki3s9gfvt5wqw5', 'MzU2NGVjMGMyZWVjNmY1MWUzMWIyZjQyZGFlZjI4M2NjNDdjNjVhODp7Il9hdXRoX3VzZXJfaGFzaCI6ImZhYWExYzJlOGI2NjkyOThiZmUzMzE1ZDdjM2Q1N2IzNThiYTc1ZmQiLCJfYXV0aF91c2VyX2JhY2tlbmQiOiJkamFuZ28uY29udHJpYi5hdXRoLmJhY2tlbmRzLk1vZGVsQmFja2VuZCIsIl9hdXRoX3VzZXJfaWQiOiIxIn0=', '2017-01-09 09:03:35'),
('3clvnr0du474l2xhubcieurgbv73wfpd', 'MzU2NGVjMGMyZWVjNmY1MWUzMWIyZjQyZGFlZjI4M2NjNDdjNjVhODp7Il9hdXRoX3VzZXJfaGFzaCI6ImZhYWExYzJlOGI2NjkyOThiZmUzMzE1ZDdjM2Q1N2IzNThiYTc1ZmQiLCJfYXV0aF91c2VyX2JhY2tlbmQiOiJkamFuZ28uY29udHJpYi5hdXRoLmJhY2tlbmRzLk1vZGVsQmFja2VuZCIsIl9hdXRoX3VzZXJfaWQiOiIxIn0=', '2017-02-06 04:43:16'),
('1swnkne7voosubriayjkucrjh039hv5s', 'MzU2NGVjMGMyZWVjNmY1MWUzMWIyZjQyZGFlZjI4M2NjNDdjNjVhODp7Il9hdXRoX3VzZXJfaGFzaCI6ImZhYWExYzJlOGI2NjkyOThiZmUzMzE1ZDdjM2Q1N2IzNThiYTc1ZmQiLCJfYXV0aF91c2VyX2JhY2tlbmQiOiJkamFuZ28uY29udHJpYi5hdXRoLmJhY2tlbmRzLk1vZGVsQmFja2VuZCIsIl9hdXRoX3VzZXJfaWQiOiIxIn0=', '2017-02-06 07:03:12'),
('xhouyzt9slhd91jmb0zmzqjlkfwopxnl', 'MzU2NGVjMGMyZWVjNmY1MWUzMWIyZjQyZGFlZjI4M2NjNDdjNjVhODp7Il9hdXRoX3VzZXJfaGFzaCI6ImZhYWExYzJlOGI2NjkyOThiZmUzMzE1ZDdjM2Q1N2IzNThiYTc1ZmQiLCJfYXV0aF91c2VyX2JhY2tlbmQiOiJkamFuZ28uY29udHJpYi5hdXRoLmJhY2tlbmRzLk1vZGVsQmFja2VuZCIsIl9hdXRoX3VzZXJfaWQiOiIxIn0=', '2017-03-15 07:31:18'),
('5ls25m2agvivyaazrx5pzv147glevmlw', 'MzU2NGVjMGMyZWVjNmY1MWUzMWIyZjQyZGFlZjI4M2NjNDdjNjVhODp7Il9hdXRoX3VzZXJfaGFzaCI6ImZhYWExYzJlOGI2NjkyOThiZmUzMzE1ZDdjM2Q1N2IzNThiYTc1ZmQiLCJfYXV0aF91c2VyX2JhY2tlbmQiOiJkamFuZ28uY29udHJpYi5hdXRoLmJhY2tlbmRzLk1vZGVsQmFja2VuZCIsIl9hdXRoX3VzZXJfaWQiOiIxIn0=', '2017-05-07 06:59:50'),
('80jo6m7bghlebqup0y9w31idgxl6lnu8', 'MzU2NGVjMGMyZWVjNmY1MWUzMWIyZjQyZGFlZjI4M2NjNDdjNjVhODp7Il9hdXRoX3VzZXJfaGFzaCI6ImZhYWExYzJlOGI2NjkyOThiZmUzMzE1ZDdjM2Q1N2IzNThiYTc1ZmQiLCJfYXV0aF91c2VyX2JhY2tlbmQiOiJkamFuZ28uY29udHJpYi5hdXRoLmJhY2tlbmRzLk1vZGVsQmFja2VuZCIsIl9hdXRoX3VzZXJfaWQiOiIxIn0=', '2017-07-07 07:47:17'),
('i7klyrvljwjtbv2hguo2e6eup3ewzeez', 'MzU2NGVjMGMyZWVjNmY1MWUzMWIyZjQyZGFlZjI4M2NjNDdjNjVhODp7Il9hdXRoX3VzZXJfaGFzaCI6ImZhYWExYzJlOGI2NjkyOThiZmUzMzE1ZDdjM2Q1N2IzNThiYTc1ZmQiLCJfYXV0aF91c2VyX2JhY2tlbmQiOiJkamFuZ28uY29udHJpYi5hdXRoLmJhY2tlbmRzLk1vZGVsQmFja2VuZCIsIl9hdXRoX3VzZXJfaWQiOiIxIn0=', '2017-07-20 02:55:42');

-- --------------------------------------------------------

--
-- 表的结构 `django_site`
--

CREATE TABLE IF NOT EXISTS `django_site` (
  `id` int(11) NOT NULL AUTO_INCREMENT,
  `domain` varchar(100) NOT NULL,
  `name` varchar(50) NOT NULL,
  PRIMARY KEY (`id`)
) ENGINE=MyISAM  DEFAULT CHARSET=utf8 AUTO_INCREMENT=2 ;

--
-- 转存表中的数据 `django_site`
--

INSERT INTO `django_site` (`id`, `domain`, `name`) VALUES
(1, 'example.com', 'example.com');

-- --------------------------------------------------------

--
-- 表的结构 `rents_customer`
--

CREATE TABLE IF NOT EXISTS `rents_customer` (
  `id` int(11) NOT NULL AUTO_INCREMENT,
  `name` varchar(200) NOT NULL,
  `contacter` varchar(50) NOT NULL,
  `tel` varchar(50) NOT NULL,
  `address` varchar(200) NOT NULL,
  `remarks` varchar(500) NOT NULL,
  PRIMARY KEY (`id`)
) ENGINE=MyISAM  DEFAULT CHARSET=utf8 AUTO_INCREMENT=40 ;

--
-- 转存表中的数据 `rents_customer`
--

INSERT INTO `rents_customer` (`id`, `name`, `contacter`, `tel`, `address`, `remarks`) VALUES
(5, '耿车', '', '', '', ''),
(7, '曹集郭', '', '', '', ''),
(8, '皂河', '', '', '', ''),
(9, '104号', '', '', '', ''),
(10, '龙河', '', '', '', ''),
(11, '大新刘', '', '', '', ''),
(12, '大新陈海春', '', '', '', ''),
(13, '程为国', '', '', '', ''),
(15, '张胜威', '', '', '', ''),
(16, '沈振军', '', '', '', ''),
(17, '东升公司', '', '', '', ''),
(18, '徐士安', '', '', '', ''),
(20, '沈帮潮', '', '', '', ''),
(22, '程为国2', '', '', '', ''),
(23, '张胜威2', '', '', '', ''),
(24, '李少华三台山', '', '', '', ''),
(25, '李少华六塘河', '', '', '', ''),
(26, '李少华屠园', '', '', '', ''),
(27, '李少华大兴', '', '', '', ''),
(33, '东升杜江', '', '', '', ''),
(30, '李少华罗圩', '', '', '', ''),
(31, '东升污水厂和三台山', '', '', '', ''),
(32, '东升里仁', '', '', '', ''),
(34, '张以领', '', '', '', ''),
(35, '馬勇', '', '', '', ''),
(36, '陆敬艳', '', '', '', ''),
(37, '仰化恒旺门窗厂', '', '', '', ''),
(38, '张新合', '', '', '', ''),
(39, '恒佳花苑', '', '', '', '');

-- --------------------------------------------------------

--
-- 表的结构 `rents_product`
--

CREATE TABLE IF NOT EXISTS `rents_product` (
  `id` int(11) NOT NULL AUTO_INCREMENT,
  `name` varchar(200) NOT NULL,
  `unit_price` double NOT NULL,
  `unit` varchar(5) NOT NULL,
  PRIMARY KEY (`id`)
) ENGINE=MyISAM  DEFAULT CHARSET=utf8 AUTO_INCREMENT=18 ;

--
-- 转存表中的数据 `rents_product`
--

INSERT INTO `rents_product` (`id`, `name`, `unit_price`, `unit`) VALUES
(1, '钢管', 0.012, '米'),
(3, '扣件', 0.008, '个'),
(10, '接头', 0.008, '个'),
(13, '钢管2', 0.01, '米'),
(12, '扣件2', 0.006, '米'),
(14, '顶丝', 0.2, '个'),
(16, '钢管3', 0.008, '米'),
(17, '扣件3', 0.006, '米');

-- --------------------------------------------------------

--
-- 表的结构 `rents_receipt`
--

CREATE TABLE IF NOT EXISTS `rents_receipt` (
  `id` int(11) NOT NULL AUTO_INCREMENT,
  `customer_id` int(11) NOT NULL,
  `amount` double NOT NULL,
  `receipt_date` date NOT NULL,
  `last_modified` datetime NOT NULL,
  `remarks` varchar(500) NOT NULL,
  PRIMARY KEY (`id`),
  KEY `rents_receipt_09847825` (`customer_id`)
) ENGINE=MyISAM DEFAULT CHARSET=utf8 AUTO_INCREMENT=1 ;

-- --------------------------------------------------------

--
-- 表的结构 `rents_rent`
--

CREATE TABLE IF NOT EXISTS `rents_rent` (
  `id` int(11) NOT NULL AUTO_INCREMENT,
  `customer_id` int(11) NOT NULL,
  `rent_date` date NOT NULL,
  `remarks` varchar(500) NOT NULL,
  PRIMARY KEY (`id`),
  KEY `rents_rent_09847825` (`customer_id`)
) ENGINE=MyISAM  DEFAULT CHARSET=utf8 AUTO_INCREMENT=685 ;

--
-- 转存表中的数据 `rents_rent`
--

INSERT INTO `rents_rent` (`id`, `customer_id`, `rent_date`, `remarks`) VALUES
(14, 7, '2014-02-25', ''),
(15, 7, '2014-03-03', ''),
(17, 7, '2014-03-17', ''),
(18, 7, '2014-04-06', ''),
(22, 7, '2014-04-13', ''),
(23, 7, '2014-04-13', ''),
(24, 7, '2014-02-24', ''),
(25, 7, '2014-02-25', ''),
(26, 7, '2014-03-17', ''),
(27, 7, '2014-04-06', ''),
(28, 7, '2014-04-13', ''),
(29, 7, '2014-04-13', ''),
(30, 7, '2014-04-13', ''),
(33, 8, '2013-12-01', ''),
(34, 8, '2013-12-01', ''),
(35, 8, '2013-12-08', ''),
(36, 8, '2013-12-08', ''),
(37, 8, '2013-12-10', ''),
(38, 8, '2013-12-10', ''),
(39, 8, '2013-12-12', ''),
(40, 8, '2013-12-12', ''),
(41, 9, '2013-10-27', ''),
(42, 9, '2013-10-28', ''),
(43, 9, '2013-10-28', ''),
(44, 9, '2013-11-03', ''),
(45, 9, '2013-11-03', ''),
(46, 9, '2013-11-04', ''),
(47, 9, '2013-11-05', ''),
(48, 9, '2013-11-05', ''),
(49, 9, '2013-11-07', ''),
(50, 9, '2013-11-08', ''),
(51, 9, '2013-11-08', ''),
(52, 9, '2013-11-10', ''),
(53, 9, '2013-11-10', ''),
(54, 9, '2013-11-11', ''),
(55, 9, '2013-11-14', ''),
(56, 9, '2013-11-15', ''),
(57, 9, '2013-11-16', ''),
(58, 9, '2013-11-18', ''),
(59, 9, '2013-11-18', ''),
(60, 9, '2013-11-19', ''),
(61, 9, '2013-11-20', ''),
(62, 9, '2013-11-23', ''),
(63, 9, '2013-11-23', ''),
(64, 9, '2013-11-25', ''),
(65, 9, '2013-11-25', ''),
(66, 9, '2013-11-26', ''),
(67, 9, '2013-11-26', ''),
(68, 9, '2013-11-27', ''),
(69, 9, '2013-11-27', ''),
(70, 9, '2013-12-26', ''),
(71, 9, '2013-12-16', ''),
(72, 9, '2013-12-20', ''),
(73, 9, '2013-12-20', ''),
(74, 9, '2013-12-09', ''),
(75, 9, '2013-11-11', ''),
(76, 9, '2013-11-11', ''),
(77, 9, '2013-11-13', ''),
(78, 9, '2013-11-13', ''),
(79, 9, '2013-11-15', ''),
(80, 9, '2013-11-15', ''),
(81, 9, '2013-11-18', ''),
(82, 9, '2013-11-20', ''),
(83, 9, '2013-11-20', ''),
(84, 9, '2013-11-23', ''),
(85, 9, '2013-11-23', ''),
(86, 9, '2013-12-09', ''),
(87, 9, '2013-12-09', ''),
(88, 9, '2013-11-05', ''),
(89, 9, '2013-11-10', ''),
(90, 9, '2013-11-17', ''),
(91, 9, '2013-11-17', ''),
(92, 9, '2013-11-22', ''),
(93, 9, '2013-11-22', ''),
(94, 9, '2013-11-26', ''),
(95, 9, '2013-11-26', ''),
(96, 9, '2013-11-27', ''),
(97, 9, '2013-11-27', ''),
(98, 9, '2013-11-30', ''),
(99, 9, '2013-11-30', ''),
(100, 9, '2013-11-26', ''),
(101, 9, '2013-11-26', ''),
(102, 9, '2013-11-17', ''),
(103, 9, '2013-11-17', ''),
(104, 9, '2013-11-26', ''),
(105, 9, '2013-11-26', ''),
(106, 9, '2013-11-23', ''),
(107, 9, '2013-11-23', ''),
(108, 9, '2013-11-28', ''),
(109, 9, '2013-11-28', ''),
(110, 9, '2013-12-01', ''),
(111, 9, '2013-12-01', ''),
(112, 9, '2013-12-06', ''),
(113, 9, '2013-12-06', ''),
(114, 9, '2013-12-15', ''),
(115, 9, '2013-12-21', ''),
(116, 9, '2014-01-05', ''),
(117, 9, '2014-02-28', ''),
(118, 9, '2014-03-01', ''),
(119, 9, '2014-03-04', ''),
(120, 9, '2014-03-06', ''),
(121, 9, '2014-03-08', ''),
(122, 9, '2014-03-08', ''),
(123, 9, '2014-03-08', ''),
(124, 9, '2014-03-13', ''),
(125, 9, '2014-03-20', ''),
(126, 9, '2014-03-28', ''),
(127, 9, '2014-04-06', ''),
(128, 9, '2014-04-13', ''),
(129, 9, '2014-04-13', ''),
(130, 9, '2014-04-17', ''),
(131, 9, '2014-04-17', ''),
(132, 10, '2013-08-30', ''),
(140, 10, '2013-08-30', ''),
(141, 8, '2013-12-12', ''),
(142, 8, '2013-12-15', ''),
(143, 8, '2013-12-15', ''),
(144, 8, '2013-12-15', ''),
(145, 8, '2013-12-15', ''),
(146, 8, '2013-12-16', ''),
(147, 8, '2013-12-16', ''),
(148, 8, '2013-12-16', ''),
(149, 8, '2013-12-17', ''),
(150, 8, '2013-12-17', ''),
(151, 8, '2013-12-18', ''),
(152, 8, '2013-12-17', ''),
(153, 8, '2013-12-20', ''),
(154, 8, '2013-12-20', ''),
(155, 8, '2013-12-20', ''),
(156, 8, '2013-12-20', ''),
(157, 8, '2013-12-20', ''),
(158, 8, '2013-12-21', ''),
(159, 8, '2013-12-21', ''),
(160, 8, '2013-12-22', ''),
(161, 8, '2013-12-23', ''),
(162, 8, '2013-12-23', ''),
(163, 8, '2013-12-23', ''),
(164, 8, '2013-12-24', ''),
(165, 8, '2013-12-24', ''),
(166, 8, '2013-12-25', ''),
(167, 8, '2013-12-25', ''),
(168, 8, '2013-12-28', ''),
(169, 8, '2013-12-28', ''),
(170, 8, '2013-12-29', ''),
(171, 8, '2013-12-29', ''),
(172, 8, '2013-12-17', ''),
(173, 8, '2013-12-21', ''),
(174, 8, '2013-12-30', ''),
(175, 8, '2013-12-30', ''),
(176, 8, '2014-01-03', ''),
(177, 8, '2014-01-03', ''),
(178, 8, '2014-01-05', ''),
(179, 8, '2014-04-06', ''),
(180, 8, '2014-04-07', ''),
(181, 8, '2014-04-08', ''),
(182, 8, '2014-04-08', ''),
(183, 8, '2014-04-08', ''),
(184, 10, '2013-09-22', ''),
(185, 10, '2013-09-22', ''),
(186, 10, '2013-09-26', ''),
(187, 10, '2013-09-26', ''),
(188, 10, '2013-09-30', ''),
(189, 10, '2013-09-30', ''),
(190, 10, '2013-10-14', ''),
(191, 10, '2013-10-14', ''),
(192, 10, '2013-10-19', ''),
(193, 10, '2013-10-26', ''),
(194, 10, '2013-10-26', ''),
(195, 10, '2013-11-03', ''),
(196, 10, '2013-11-03', ''),
(197, 10, '2013-11-08', ''),
(198, 10, '2013-11-12', ''),
(199, 10, '2013-11-17', ''),
(200, 10, '2013-11-18', ''),
(201, 10, '2013-11-22', ''),
(202, 10, '2013-11-29', ''),
(203, 10, '2013-11-29', ''),
(204, 10, '2013-12-06', ''),
(205, 10, '2013-12-13', ''),
(206, 10, '2013-12-13', ''),
(207, 10, '2014-01-03', ''),
(208, 10, '2014-01-03', ''),
(209, 10, '2013-12-23', ''),
(210, 10, '2014-03-20', ''),
(211, 11, '2013-11-06', ''),
(212, 11, '2013-11-06', ''),
(213, 11, '2013-11-06', ''),
(214, 11, '2013-11-08', ''),
(215, 11, '2013-11-08', ''),
(216, 11, '2013-11-10', ''),
(217, 11, '2013-11-10', ''),
(218, 11, '2013-11-17', ''),
(219, 11, '2013-11-17', ''),
(220, 11, '2013-11-20', ''),
(221, 11, '2013-11-20', ''),
(222, 11, '2013-11-22', ''),
(223, 11, '2013-11-22', ''),
(224, 11, '2013-11-23', ''),
(225, 11, '2013-11-23', ''),
(226, 11, '2013-11-23', ''),
(227, 11, '2013-11-26', ''),
(228, 11, '2013-11-26', ''),
(229, 11, '2013-11-27', ''),
(230, 11, '2013-11-27', ''),
(231, 11, '2013-11-30', ''),
(232, 11, '2013-11-30', ''),
(233, 11, '2013-12-02', ''),
(234, 11, '2013-12-02', ''),
(235, 11, '2013-12-07', ''),
(236, 11, '2013-12-07', ''),
(237, 11, '2013-12-08', ''),
(238, 11, '2013-12-08', ''),
(239, 11, '2013-12-08', ''),
(240, 11, '2013-12-08', ''),
(241, 11, '2013-12-10', ''),
(242, 11, '2013-12-10', ''),
(243, 11, '2013-12-10', ''),
(244, 11, '2013-12-10', ''),
(245, 11, '2013-12-13', ''),
(246, 11, '2013-12-17', ''),
(247, 11, '2013-12-19', ''),
(249, 11, '2013-12-19', ''),
(250, 5, '2013-10-27', ''),
(251, 5, '2013-10-28', ''),
(252, 5, '2013-10-28', ''),
(253, 5, '2013-11-01', ''),
(254, 5, '2013-11-01', ''),
(255, 5, '2013-11-02', ''),
(256, 5, '2013-11-02', ''),
(257, 5, '2013-11-03', ''),
(258, 5, '2013-11-03', ''),
(259, 5, '2013-11-03', ''),
(260, 5, '2013-11-04', ''),
(261, 5, '2013-11-04', ''),
(262, 5, '2013-11-05', ''),
(263, 5, '2013-11-05', ''),
(264, 5, '2013-11-05', ''),
(265, 5, '2013-11-05', ''),
(266, 5, '2013-11-06', ''),
(267, 5, '2013-11-06', ''),
(268, 5, '2013-11-06', ''),
(269, 5, '2013-11-06', ''),
(270, 5, '2013-11-06', ''),
(271, 5, '2013-11-07', ''),
(272, 5, '2013-11-07', ''),
(273, 5, '2013-11-08', ''),
(274, 5, '2013-11-08', ''),
(275, 5, '2013-11-08', ''),
(276, 5, '2013-11-10', ''),
(277, 5, '2013-11-10', ''),
(278, 5, '2013-11-11', ''),
(279, 5, '2013-11-13', ''),
(280, 5, '2013-11-14', ''),
(281, 5, '2013-11-15', ''),
(282, 5, '2013-11-16', ''),
(283, 5, '2013-11-17', ''),
(284, 5, '2013-11-18', ''),
(285, 5, '2013-11-19', ''),
(286, 5, '2013-11-20', ''),
(287, 5, '2013-11-21', ''),
(288, 5, '2013-11-17', ''),
(289, 5, '2013-11-21', ''),
(290, 5, '2013-11-19', ''),
(291, 5, '2013-11-23', ''),
(292, 5, '2013-11-23', ''),
(293, 5, '2013-11-25', ''),
(294, 5, '2013-11-25', ''),
(295, 5, '2013-11-26', ''),
(296, 5, '2013-11-27', ''),
(297, 5, '2013-11-28', ''),
(298, 5, '2013-11-29', ''),
(299, 5, '2013-12-05', ''),
(300, 5, '2013-12-05', ''),
(301, 5, '2013-12-07', ''),
(302, 5, '2013-12-09', ''),
(303, 5, '2013-12-09', ''),
(304, 5, '2013-12-09', ''),
(305, 5, '2013-12-17', ''),
(306, 5, '2013-12-19', ''),
(307, 12, '2013-09-02', ''),
(308, 12, '2013-09-03', ''),
(309, 12, '2013-09-03', ''),
(310, 12, '2013-09-08', ''),
(311, 12, '2013-09-07', ''),
(312, 12, '2013-09-13', ''),
(313, 12, '2013-09-13', ''),
(314, 12, '2013-09-29', ''),
(315, 12, '2013-10-01', ''),
(316, 12, '2013-10-03', ''),
(317, 12, '2013-10-03', ''),
(318, 12, '2013-10-03', ''),
(319, 12, '2013-10-05', ''),
(320, 12, '2013-10-07', ''),
(321, 12, '2013-10-07', ''),
(322, 12, '2013-10-10', ''),
(323, 12, '2013-10-14', ''),
(324, 12, '2013-10-16', ''),
(325, 12, '2013-10-17', ''),
(326, 12, '2013-10-21', ''),
(327, 12, '2013-10-22', ''),
(328, 12, '2013-10-23', ''),
(329, 12, '2013-10-28', ''),
(330, 12, '2013-10-29', ''),
(331, 12, '2013-11-01', ''),
(332, 12, '2013-11-02', ''),
(333, 12, '2013-11-04', ''),
(334, 12, '2013-11-07', ''),
(335, 12, '2013-11-09', ''),
(336, 12, '2013-11-08', ''),
(337, 12, '2013-11-11', ''),
(338, 12, '2013-11-10', ''),
(339, 12, '2013-11-13', ''),
(340, 12, '2013-11-13', ''),
(341, 12, '2013-11-15', ''),
(342, 12, '2013-11-17', ''),
(343, 12, '2013-11-18', ''),
(344, 12, '2013-11-18', ''),
(345, 12, '2013-11-20', ''),
(346, 12, '2013-11-23', ''),
(347, 12, '2013-11-28', ''),
(348, 12, '2013-12-02', ''),
(349, 12, '2013-12-06', ''),
(350, 12, '2013-12-06', ''),
(351, 12, '2013-12-09', ''),
(352, 12, '2013-12-13', ''),
(353, 12, '2013-12-17', ''),
(354, 12, '2013-12-19', ''),
(355, 12, '2013-12-24', ''),
(356, 12, '2013-12-28', ''),
(357, 12, '2014-02-28', ''),
(358, 12, '2013-11-23', ''),
(359, 13, '2012-08-17', ''),
(360, 13, '2012-09-05', ''),
(361, 13, '2012-09-05', ''),
(362, 13, '2012-09-11', ''),
(363, 13, '2012-09-17', ''),
(364, 13, '2013-02-26', ''),
(365, 13, '2013-03-01', ''),
(366, 13, '2013-04-01', ''),
(367, 13, '2013-04-04', ''),
(368, 13, '2013-04-05', ''),
(369, 13, '2013-04-06', ''),
(370, 13, '2013-06-08', ''),
(371, 13, '2013-06-14', ''),
(372, 13, '2013-06-22', ''),
(373, 13, '2013-06-26', ''),
(374, 13, '2013-07-04', ''),
(375, 13, '2012-09-18', ''),
(376, 13, '2013-06-27', ''),
(377, 13, '2013-07-07', ''),
(378, 13, '2013-07-08', ''),
(379, 13, '2013-07-12', ''),
(380, 13, '2013-11-16', ''),
(381, 13, '2013-11-16', ''),
(382, 13, '2013-11-17', ''),
(383, 13, '2013-11-19', ''),
(384, 13, '2013-11-22', ''),
(385, 13, '2013-11-23', ''),
(386, 13, '2013-11-28', ''),
(387, 13, '2013-11-30', ''),
(388, 13, '2013-12-01', ''),
(389, 13, '2013-12-05', ''),
(390, 13, '2013-12-06', ''),
(391, 13, '2013-12-07', ''),
(392, 13, '2013-12-10', ''),
(393, 13, '2013-12-13', ''),
(394, 13, '2013-12-15', ''),
(398, 13, '2013-12-20', ''),
(401, 13, '2013-12-21', ''),
(402, 13, '2013-12-21', ''),
(403, 13, '2013-12-23', ''),
(404, 13, '2013-12-25', ''),
(405, 13, '2013-12-30', ''),
(406, 13, '2013-12-30', ''),
(407, 13, '2014-01-05', ''),
(408, 13, '2014-01-09', ''),
(409, 13, '2014-02-22', ''),
(410, 13, '2014-02-26', ''),
(411, 13, '2014-02-28', ''),
(412, 13, '2014-03-01', ''),
(413, 13, '2014-03-04', ''),
(414, 13, '2014-03-05', ''),
(415, 13, '2014-03-06', ''),
(416, 13, '2014-03-06', ''),
(417, 13, '2014-03-06', ''),
(418, 13, '2014-03-06', ''),
(419, 13, '2014-03-08', ''),
(420, 13, '2014-03-09', ''),
(421, 13, '2014-03-10', ''),
(422, 13, '2014-03-11', ''),
(423, 13, '2014-03-11', ''),
(424, 13, '2014-03-13', ''),
(425, 13, '2014-03-17', ''),
(426, 13, '2014-03-17', ''),
(427, 13, '2014-03-20', ''),
(428, 13, '2014-03-21', ''),
(429, 13, '2014-03-22', ''),
(430, 13, '2014-03-23', ''),
(431, 13, '2014-03-24', ''),
(432, 13, '2014-03-28', ''),
(433, 13, '2014-03-31', ''),
(434, 13, '2014-03-01', ''),
(439, 15, '2013-06-09', ''),
(440, 15, '2013-07-01', ''),
(441, 15, '2013-07-01', ''),
(442, 15, '2013-07-02', ''),
(443, 15, '2013-07-04', ''),
(444, 15, '2013-07-06', ''),
(445, 15, '2013-07-08', ''),
(446, 15, '2013-07-11', ''),
(447, 15, '2013-07-12', ''),
(448, 15, '2013-07-14', ''),
(449, 15, '2013-07-15', ''),
(450, 15, '2013-07-15', ''),
(451, 15, '2013-07-17', ''),
(452, 15, '2013-07-19', ''),
(453, 15, '2013-07-22', ''),
(454, 15, '2013-07-26', ''),
(455, 15, '2013-07-26', ''),
(456, 15, '2013-07-30', ''),
(457, 15, '2013-08-06', ''),
(458, 15, '2013-08-11', ''),
(459, 15, '2013-08-23', ''),
(460, 15, '2013-09-23', ''),
(461, 15, '2013-09-29', ''),
(462, 15, '2013-10-07', ''),
(463, 15, '2013-10-19', ''),
(464, 15, '2013-10-20', ''),
(465, 15, '2013-10-21', ''),
(466, 15, '2013-10-26', ''),
(467, 15, '2013-11-03', ''),
(468, 15, '2013-11-08', ''),
(469, 15, '2013-11-17', ''),
(470, 15, '2014-02-27', ''),
(471, 15, '2014-03-02', ''),
(472, 15, '2014-03-15', ''),
(473, 9, '2013-11-11', ''),
(474, 9, '2013-11-21', ''),
(475, 16, '2014-01-16', ''),
(476, 16, '2014-01-19', ''),
(477, 16, '2014-01-20', ''),
(478, 16, '2014-03-01', ''),
(479, 17, '2013-09-08', ''),
(480, 17, '2013-09-17', ''),
(482, 18, '2014-04-01', ''),
(483, 18, '2014-04-13', ''),
(484, 20, '2013-11-26', ''),
(485, 20, '2013-12-11', ''),
(486, 20, '2013-12-24', ''),
(487, 20, '2014-01-05', ''),
(488, 20, '2014-01-15', ''),
(489, 18, '2014-06-27', ''),
(490, 18, '2014-06-29', ''),
(498, 5, '2013-11-05', ''),
(499, 15, '2014-09-25', ''),
(500, 15, '2014-09-27', ''),
(501, 15, '2014-09-30', ''),
(503, 22, '2014-10-28', ''),
(504, 22, '2014-11-08', ''),
(505, 22, '2014-11-10', ''),
(506, 22, '2014-12-02', ''),
(507, 22, '2014-12-01', ''),
(508, 23, '2014-09-01', ''),
(509, 24, '2015-01-03', ''),
(510, 24, '2015-01-07', ''),
(511, 24, '2015-01-07', ''),
(512, 24, '2015-01-15', ''),
(513, 24, '2015-03-09', ''),
(514, 24, '2015-03-08', ''),
(515, 24, '2015-03-14', ''),
(516, 24, '2015-03-21', ''),
(517, 24, '2015-03-24', ''),
(518, 25, '2013-12-08', ''),
(519, 25, '2014-01-03', ''),
(520, 26, '2014-12-19', ''),
(521, 26, '2015-01-17', ''),
(522, 26, '2015-01-19', ''),
(523, 26, '2015-01-26', ''),
(524, 26, '2015-01-27', ''),
(525, 27, '2014-11-17', ''),
(526, 27, '2014-11-22', ''),
(527, 30, '2015-01-11', ''),
(528, 32, '2014-07-04', ''),
(529, 32, '2014-04-30', ''),
(530, 31, '2014-07-04', ''),
(531, 31, '2014-07-19', ''),
(532, 31, '2014-07-20', ''),
(533, 31, '2014-07-24', ''),
(534, 31, '2014-07-29', ''),
(535, 31, '2014-08-20', ''),
(536, 31, '2014-10-18', ''),
(537, 31, '2014-10-30', ''),
(538, 31, '2015-01-13', ''),
(539, 31, '2015-01-14', ''),
(540, 31, '2015-01-16', ''),
(541, 31, '2015-01-16', ''),
(542, 31, '2015-01-18', ''),
(543, 31, '2015-01-20', ''),
(544, 31, '2015-01-22', ''),
(545, 31, '2015-01-27', ''),
(546, 31, '2015-02-05', ''),
(547, 33, '2015-02-17', ''),
(548, 33, '2015-02-15', ''),
(549, 33, '2015-02-09', ''),
(550, 31, '2015-04-14', ''),
(571, 31, '2015-04-13', ''),
(569, 26, '2015-01-11', ''),
(555, 34, '2015-03-27', ''),
(556, 34, '2015-03-31', ''),
(557, 34, '2015-04-04', ''),
(558, 34, '2015-04-07', ''),
(559, 34, '2015-04-18', ''),
(560, 34, '2015-05-04', ''),
(561, 34, '2015-05-06', ''),
(562, 35, '2015-03-22', ''),
(563, 35, '2015-03-29', ''),
(564, 35, '2015-03-30', ''),
(568, 31, '2015-05-15', ''),
(566, 35, '2015-04-04', ''),
(567, 35, '2015-04-23', ''),
(572, 31, '2015-04-14', ''),
(573, 36, '2012-07-19', ''),
(574, 36, '2012-07-20', ''),
(575, 36, '2012-07-24', ''),
(576, 36, '2012-07-25', ''),
(577, 36, '2012-07-26', ''),
(578, 36, '2012-07-28', ''),
(579, 36, '2012-07-29', ''),
(580, 36, '2012-07-30', ''),
(581, 36, '2012-07-31', ''),
(582, 36, '2012-08-11', ''),
(583, 36, '2012-08-14', ''),
(662, 37, '2014-07-01', ''),
(585, 36, '2012-09-13', ''),
(586, 36, '2012-09-14', ''),
(587, 36, '2012-09-15', ''),
(588, 36, '2012-09-15', ''),
(589, 36, '2012-09-16', ''),
(590, 36, '2012-09-16', ''),
(591, 36, '2012-09-17', ''),
(592, 36, '2012-09-19', ''),
(593, 36, '2012-09-20', ''),
(594, 36, '2012-09-21', ''),
(595, 36, '2012-09-22', ''),
(596, 36, '2012-09-22', ''),
(597, 36, '2012-09-22', ''),
(598, 36, '2012-09-22', ''),
(599, 36, '2012-09-23', ''),
(600, 36, '2012-09-24', ''),
(601, 36, '2012-09-25', ''),
(602, 36, '2012-09-26', ''),
(603, 36, '2012-09-27', ''),
(604, 36, '2012-09-28', ''),
(605, 36, '2012-09-29', ''),
(606, 36, '2012-10-03', ''),
(607, 36, '2012-10-10', ''),
(608, 36, '2012-10-10', ''),
(609, 36, '2012-11-06', ''),
(610, 36, '2012-11-07', ''),
(611, 36, '2012-11-09', ''),
(612, 36, '2012-11-12', ''),
(613, 36, '2012-11-13', ''),
(614, 36, '2012-11-15', ''),
(615, 36, '2012-11-17', ''),
(616, 36, '2012-11-18', ''),
(617, 36, '2012-11-19', ''),
(618, 36, '2012-11-20', ''),
(619, 36, '2012-11-22', ''),
(620, 36, '2012-11-24', ''),
(621, 36, '2012-11-24', ''),
(622, 36, '2012-11-25', ''),
(623, 36, '2012-11-26', ''),
(624, 36, '2012-11-28', ''),
(625, 36, '2012-11-30', ''),
(626, 36, '2012-12-05', ''),
(627, 36, '2012-12-07', ''),
(628, 36, '2012-12-08', ''),
(629, 36, '2012-12-13', ''),
(630, 36, '2012-12-13', ''),
(631, 36, '2012-12-18', ''),
(632, 36, '2012-12-22', ''),
(633, 36, '2013-01-02', ''),
(634, 36, '2013-01-05', ''),
(635, 36, '2013-01-11', ''),
(636, 36, '2013-01-20', ''),
(637, 36, '2013-01-25', ''),
(638, 36, '2013-01-28', ''),
(639, 36, '2013-01-28', ''),
(640, 36, '2013-02-01', ''),
(641, 36, '2013-02-21', ''),
(642, 36, '2013-02-23', ''),
(643, 36, '2013-03-03', ''),
(644, 36, '2013-03-11', ''),
(645, 36, '2013-03-23', ''),
(646, 36, '2013-03-24', ''),
(647, 36, '2013-03-26', ''),
(648, 36, '2013-03-27', ''),
(649, 36, '2013-03-29', ''),
(650, 36, '2013-03-30', ''),
(651, 36, '2013-04-06', ''),
(652, 36, '2013-04-28', ''),
(653, 36, '2013-05-05', ''),
(654, 36, '2013-05-07', ''),
(655, 36, '2013-05-20', ''),
(656, 36, '2013-05-22', ''),
(657, 36, '2013-06-03', ''),
(658, 36, '2013-06-08', ''),
(659, 36, '2013-09-22', ''),
(663, 38, '2016-03-27', ''),
(664, 38, '2016-03-27', ''),
(665, 38, '2016-03-27', ''),
(666, 38, '2016-04-17', ''),
(667, 38, '2016-04-17', ''),
(668, 38, '2016-04-18', ''),
(669, 38, '2016-04-23', ''),
(670, 38, '2016-04-30', ''),
(671, 38, '2016-05-01', ''),
(672, 38, '2016-05-03', ''),
(673, 38, '2016-05-17', ''),
(674, 38, '2016-06-09', ''),
(675, 38, '2016-08-31', ''),
(676, 38, '2016-09-08', ''),
(677, 38, '2016-09-11', ''),
(678, 38, '2016-09-18', ''),
(679, 26, '2015-01-15', ''),
(680, 39, '2016-07-10', ''),
(681, 39, '2016-07-13', ''),
(682, 39, '2016-07-15', ''),
(683, 39, '2016-07-17', ''),
(684, 39, '2016-07-18', '');

-- --------------------------------------------------------

--
-- 表的结构 `rents_rentdetail`
--

CREATE TABLE IF NOT EXISTS `rents_rentdetail` (
  `id` int(11) NOT NULL AUTO_INCREMENT,
  `rent_id` int(11) NOT NULL,
  `product_id` int(11) NOT NULL,
  `quantity` double NOT NULL,
  PRIMARY KEY (`id`),
  KEY `rents_rentdetail_27841472` (`rent_id`),
  KEY `rents_rentdetail_7f1b40ad` (`product_id`)
) ENGINE=MyISAM  DEFAULT CHARSET=utf8 AUTO_INCREMENT=944 ;

--
-- 转存表中的数据 `rents_rentdetail`
--

INSERT INTO `rents_rentdetail` (`id`, `rent_id`, `product_id`, `quantity`) VALUES
(14, 14, 1, 1800),
(15, 15, 1, 300),
(17, 17, 1, 1000),
(18, 18, 1, 1800),
(22, 22, 1, 89),
(23, 23, 1, 795),
(24, 24, 1, 900),
(25, 25, 3, 320),
(26, 26, 3, 200),
(27, 27, 3, 780),
(28, 28, 3, 1000),
(29, 29, 3, 1480),
(30, 30, 3, 300),
(33, 33, 1, 3676.8),
(34, 34, 3, 1120),
(35, 35, 1, 2416.5),
(36, 36, 3, 1200),
(37, 37, 1, 3126),
(38, 38, 3, 4100),
(39, 39, 1, 3912),
(40, 40, 3, 2000),
(41, 41, 1, 4109.3),
(42, 42, 1, 3486),
(43, 43, 3, 1600),
(44, 44, 1, 2480.2),
(45, 45, 3, 4200),
(46, 46, 3, 5000),
(47, 47, 1, 4099.7),
(48, 48, 3, 3000),
(49, 49, 3, 2000),
(50, 50, 1, 3560.1),
(51, 51, 1, 4805.1),
(52, 52, 1, 4219.5),
(53, 53, 1, 3900),
(54, 54, 1, 1800),
(55, 55, 1, 2952.3),
(56, 56, 1, 3464.2),
(57, 57, 1, 621),
(58, 58, 1, 3959),
(59, 59, 3, 1000),
(60, 60, 1, 420),
(61, 61, 1, 4110),
(62, 62, 1, 3602.9),
(63, 63, 3, 2000),
(64, 64, 1, 2606.8),
(65, 65, 1, 4888.7),
(66, 66, 1, 2565.7),
(67, 67, 3, 330),
(68, 68, 1, 3345.5),
(69, 69, 3, 1600),
(70, 70, 1, 3699.7),
(71, 71, 3, 2400),
(72, 72, 1, 4069.8),
(73, 73, 3, 3000),
(74, 74, 1, 4167.4),
(75, 75, 1, 3899.4),
(76, 76, 3, 1200),
(77, 77, 1, 4200),
(78, 78, 3, 2000),
(79, 79, 1, 3806.4),
(80, 80, 3, 2520),
(81, 81, 1, 3412.7),
(82, 82, 1, 3600),
(83, 83, 3, 3120),
(84, 84, 1, 4008.6),
(85, 85, 3, 1200),
(86, 86, 1, 3900),
(87, 87, 3, 1500),
(88, 88, 3, 2000),
(89, 89, 1, 1888.5),
(90, 90, 1, 2010),
(91, 91, 3, 3320),
(92, 92, 1, 3246.1),
(93, 93, 3, 1720),
(94, 94, 1, 586.9),
(95, 95, 3, 520),
(96, 96, 1, 2856.1),
(97, 97, 3, 2320),
(98, 98, 1, 3495),
(99, 99, 3, 1000),
(100, 100, 1, 982.9),
(101, 101, 3, 1880),
(102, 102, 1, 1555.4),
(103, 103, 1, 1200),
(104, 104, 1, 3400),
(105, 105, 3, 2000),
(106, 106, 1, 2800),
(107, 107, 3, 2440),
(108, 108, 1, 880),
(109, 109, 3, 400),
(110, 110, 1, 3363.6),
(111, 111, 3, 1000),
(112, 112, 1, 3682.5),
(113, 113, 3, 1320),
(114, 114, 1, 3384),
(115, 115, 1, 515),
(116, 116, 1, 999.6),
(117, 117, 1, 1200),
(118, 118, 1, 630),
(119, 119, 1, 3300),
(120, 120, 3, 400),
(121, 121, 1, 1800),
(122, 122, 3, 120),
(123, 123, 3, 280),
(124, 124, 1, 1166.5),
(125, 125, 1, 1600),
(126, 126, 1, 3600),
(127, 127, 1, 4000),
(128, 128, 1, 1810),
(129, 129, 3, 1300),
(130, 130, 1, 866),
(131, 131, 1, 150),
(132, 132, 1, 360),
(140, 140, 3, 360),
(141, 141, 1, 3590.6),
(142, 142, 1, 4071.5),
(143, 143, 3, 520),
(144, 144, 3, 520),
(145, 145, 10, 330),
(146, 146, 1, 3699.7),
(147, 147, 3, 2400),
(148, 148, 3, 1320),
(149, 149, 3, 1000),
(150, 150, 10, 120),
(151, 151, 1, 3472),
(152, 152, 3, 1480),
(153, 153, 1, 4069.8),
(154, 154, 3, 3000),
(155, 155, 1, 4063.5),
(156, 156, 1, 1879.7),
(157, 157, 3, 2900),
(158, 158, 1, 3690),
(159, 159, 1, 3289.1),
(160, 160, 1, 3820.4),
(161, 161, 1, 3515.2),
(162, 162, 1, 1814),
(163, 163, 3, 4410),
(164, 164, 3, 5000),
(165, 165, 10, 600),
(166, 166, 1, 3324.4),
(167, 167, 3, 2600),
(168, 168, 3, 1480),
(169, 169, 10, 300),
(170, 170, 1, 3278.3),
(171, 171, 3, 1600),
(172, 172, 3, 1000),
(173, 173, 3, 3000),
(174, 174, 1, 3805),
(175, 175, 3, 1600),
(176, 176, 1, 1456.6),
(177, 177, 3, 3120),
(178, 178, 1, 8869.5),
(179, 179, 1, 4000),
(180, 180, 1, 3300),
(181, 181, 1, 4000),
(182, 182, 1, 2240.9),
(183, 183, 10, 680),
(184, 184, 1, 3370),
(185, 185, 3, 2320),
(186, 186, 1, 3330),
(187, 187, 3, 1680),
(188, 188, 1, 3100),
(189, 189, 3, 1760),
(190, 190, 1, 3530.5),
(191, 191, 3, 820),
(192, 192, 1, 3900),
(193, 193, 1, 3429),
(194, 194, 3, 1600),
(195, 195, 1, 3694.9),
(196, 196, 3, 1400),
(197, 197, 3, 910),
(198, 198, 3, 280),
(199, 199, 1, 3945.2),
(200, 200, 3, 2010),
(201, 201, 1, 1200),
(202, 202, 1, 2210),
(203, 203, 3, 2160),
(204, 204, 3, 200),
(205, 205, 1, 1776.5),
(206, 206, 3, 1230),
(207, 207, 1, 2400),
(208, 208, 3, 1120),
(209, 209, 1, 1729.7),
(210, 210, 3, 80),
(211, 211, 1, 4273),
(212, 212, 3, 2350),
(213, 213, 10, 309),
(214, 214, 1, 600),
(215, 215, 3, 300),
(216, 216, 1, 3588.5),
(217, 217, 3, 2010),
(218, 218, 1, 2010),
(219, 219, 3, 2000),
(220, 220, 1, 3840),
(221, 221, 3, 1000),
(222, 222, 1, 3246.1),
(223, 223, 3, 1720),
(224, 224, 1, 224.2),
(225, 225, 3, 520),
(226, 226, 10, 200),
(227, 227, 1, 937.6),
(228, 228, 3, 520),
(229, 229, 1, 2856.1),
(230, 230, 3, 2320),
(231, 231, 1, 3495),
(232, 232, 3, 1000),
(233, 233, 1, 1800),
(234, 234, 10, 321),
(235, 235, 1, 1080),
(236, 236, 3, 600),
(237, 237, 1, 240),
(238, 238, 3, 450),
(239, 239, 1, 240),
(240, 240, 3, 400),
(241, 241, 1, 240),
(242, 242, 3, 600),
(243, 243, 1, 240),
(244, 244, 3, 600),
(245, 245, 1, 1919.9),
(246, 246, 1, 277.5),
(247, 247, 1, 1800),
(249, 249, 3, 780),
(250, 250, 1, 4109.3),
(251, 251, 1, 3486),
(252, 252, 3, 1600),
(253, 253, 1, 3900),
(254, 254, 1, 3900),
(255, 255, 1, 3900),
(256, 256, 1, 3900),
(257, 257, 1, 2480.2),
(258, 258, 3, 4200),
(259, 259, 1, 690),
(260, 260, 3, 5000),
(261, 261, 10, 700),
(262, 262, 1, 4099.7),
(263, 263, 3, 3000),
(264, 264, 1, 3632),
(265, 265, 3, 1000),
(266, 266, 1, 3900),
(267, 267, 1, 3600),
(268, 268, 3, 3000),
(269, 269, 10, 500),
(270, 270, 1, 3774.8),
(271, 271, 3, 2000),
(272, 272, 1, 3600),
(273, 272, 3, 18000),
(274, 273, 1, 3560.1),
(275, 274, 1, 4805.2),
(276, 275, 1, 4106),
(277, 275, 3, 1200),
(278, 275, 10, 1800),
(279, 276, 1, 3889.5),
(280, 277, 1, 3900),
(281, 278, 1, 1800),
(282, 278, 3, 4000),
(283, 278, 10, 106),
(284, 279, 1, 3459.1),
(285, 279, 3, 3000),
(286, 280, 1, 3789.5),
(287, 281, 1, 3464.2),
(288, 282, 10, 1920),
(289, 283, 1, 3682.4),
(290, 284, 1, 3959),
(291, 284, 3, 1000),
(292, 285, 1, 3693),
(293, 286, 1, 4110),
(294, 287, 1, 3807.8),
(295, 287, 10, 360),
(296, 288, 3, 11000),
(297, 288, 10, 3000),
(298, 289, 3, 10000),
(299, 290, 1, 29893.5),
(300, 291, 1, 3602.9),
(301, 291, 3, 2000),
(302, 292, 1, 4525.4),
(303, 292, 3, 1000),
(304, 293, 1, 4064.2),
(305, 293, 3, 5000),
(306, 294, 1, 4538),
(307, 295, 1, 1663.7),
(308, 296, 1, 3345.5),
(309, 296, 3, 1600),
(310, 297, 3, 990),
(311, 298, 1, 1440),
(312, 299, 3, 1500),
(313, 300, 3, 1500),
(314, 301, 1, 4320.3),
(315, 302, 3, 1500),
(316, 303, 3, 1500),
(317, 304, 3, 1500),
(318, 305, 3, 600),
(319, 306, 3, 1200),
(320, 307, 1, 3230),
(321, 307, 3, 2000),
(322, 308, 1, 3426),
(323, 309, 1, 3360),
(324, 309, 3, 2000),
(325, 310, 3, 1000),
(326, 311, 3, 1000),
(327, 312, 1, 300),
(328, 312, 3, 1000),
(329, 313, 1, 780),
(330, 314, 1, 3718),
(331, 314, 3, 2200),
(332, 315, 1, 3680),
(333, 315, 3, 1680),
(334, 315, 10, 2000),
(335, 316, 3, 3000),
(336, 317, 1, 3514.8),
(337, 317, 3, 200),
(338, 318, 1, 4400),
(339, 319, 3, 2500),
(340, 320, 1, 3496.1),
(341, 320, 3, 3200),
(342, 320, 10, 320),
(343, 321, 1, 3449.5),
(344, 322, 1, 3532),
(345, 322, 3, 2200),
(346, 323, 1, 3068),
(347, 323, 3, 2400),
(348, 324, 1, 3909.2),
(349, 324, 3, 2200),
(350, 324, 10, 220),
(351, 325, 1, 3652.8),
(352, 325, 3, 2240),
(353, 326, 1, 3464.1),
(354, 327, 1, 14669.2),
(355, 328, 1, 3639.9),
(356, 328, 3, 4200),
(357, 329, 3, 2000),
(358, 329, 10, 3400),
(359, 330, 3, 1000),
(360, 331, 1, 933.8),
(361, 332, 3, 1520),
(362, 333, 1, 2417.9),
(363, 333, 3, 560),
(364, 334, 1, 4090),
(365, 335, 1, 3567.4),
(366, 336, 3, 1100),
(367, 336, 10, 1000),
(368, 337, 1, 3899.4),
(369, 337, 3, 1200),
(370, 338, 1, 330),
(371, 338, 3, 400),
(372, 339, 1, 4200),
(373, 339, 3, 2000),
(374, 340, 1, 800),
(375, 340, 3, 1530),
(376, 341, 1, 3806.4),
(377, 341, 3, 2520),
(378, 342, 3, 1320),
(379, 343, 1, 3412.7),
(380, 344, 1, 4012.7),
(381, 344, 3, 4550),
(382, 345, 1, 3600),
(383, 345, 3, 3120),
(384, 346, 1, 479.8),
(385, 347, 1, 3636),
(386, 347, 3, 1990),
(387, 348, 1, 915.1),
(388, 348, 3, 1280),
(389, 349, 1, 4008),
(390, 349, 3, 1470),
(391, 350, 3, 1500),
(392, 351, 1, 3900),
(393, 351, 3, 1500),
(394, 352, 3, 1800),
(395, 353, 1, 3600),
(396, 353, 3, 400),
(397, 354, 3, 880),
(398, 355, 3, 1400),
(399, 356, 1, 1800),
(400, 356, 3, 960),
(401, 357, 1, 1538.4),
(402, 285, 3, 1000),
(403, 358, 1, 3889.6),
(404, 358, 3, 1200),
(405, 359, 1, 480),
(406, 360, 1, 3600),
(407, 361, 1, 6900),
(408, 361, 3, 2000),
(409, 362, 3, 4300),
(410, 363, 1, 2243.3),
(411, 364, 1, 900),
(412, 364, 3, 80),
(413, 365, 1, 800),
(414, 366, 1, 870),
(415, 366, 3, 1070),
(416, 367, 1, 523.1),
(417, 367, 3, 150),
(418, 368, 3, 400),
(419, 369, 1, 359),
(420, 370, 1, 1040),
(421, 370, 3, 900),
(422, 371, 1, 400),
(423, 371, 3, 3000),
(424, 371, 10, 176),
(425, 372, 1, 1015),
(426, 373, 1, 540),
(427, 373, 3, 80),
(428, 374, 1, 1050),
(429, 375, 1, 2907.5),
(430, 375, 10, 100),
(431, 376, 1, 719.2),
(432, 376, 3, 1000),
(433, 377, 1, 1116.3),
(434, 377, 10, 200),
(435, 378, 1, 995),
(436, 378, 3, 1000),
(437, 379, 1, 768.8),
(438, 379, 3, 1000),
(439, 380, 3, 320),
(440, 381, 1, 3400),
(441, 381, 3, 2000),
(442, 382, 1, 2705),
(443, 382, 3, 400),
(444, 383, 1, 2893.4),
(445, 383, 3, 2480),
(446, 384, 3, 400),
(447, 385, 1, 2800),
(448, 385, 3, 2440),
(449, 386, 1, 880),
(450, 386, 3, 900),
(451, 387, 1, 577),
(452, 387, 3, 2120),
(453, 388, 1, 3363.6),
(454, 388, 3, 1000),
(455, 389, 3, 400),
(456, 390, 1, 3682.5),
(457, 390, 3, 1320),
(458, 391, 10, 400),
(459, 392, 1, 2857.9),
(460, 392, 3, 1500),
(461, 392, 10, 240),
(462, 393, 1, 2100),
(463, 393, 10, 320),
(464, 394, 1, 3384),
(468, 398, 1, 770),
(471, 401, 1, 895.4),
(472, 402, 1, 515),
(473, 403, 3, 280),
(474, 404, 1, 1052),
(475, 405, 1, 1162),
(476, 405, 10, 200),
(477, 406, 1, 1222.6),
(478, 406, 10, 280),
(479, 407, 1, 999.6),
(480, 408, 1, 522.3),
(481, 408, 10, 30),
(482, 409, 3, 40),
(483, 410, 1, 2198),
(484, 410, 3, 1360),
(485, 411, 1, 1799.8),
(486, 411, 3, 880),
(487, 412, 1, 300),
(488, 412, 3, 280),
(489, 413, 1, 3300),
(490, 413, 3, 4600),
(491, 414, 1, 3500),
(492, 414, 3, 3360),
(493, 415, 3, 160),
(494, 416, 1, 3939.8),
(495, 416, 3, 1600),
(496, 417, 1, 2638),
(497, 417, 3, 1560),
(498, 418, 3, 400),
(499, 419, 1, 4578.3),
(500, 419, 3, 1240),
(501, 420, 1, 3747),
(502, 420, 3, 3000),
(503, 421, 1, 3683.7),
(504, 421, 3, 2000),
(505, 421, 10, 90),
(506, 422, 10, 290),
(507, 423, 1, 3846),
(508, 423, 3, 2000),
(509, 424, 1, 1239.1),
(510, 424, 3, 2000),
(511, 425, 1, 245),
(512, 426, 1, 3900),
(513, 426, 3, 2160),
(514, 427, 1, 4000),
(515, 427, 3, 2000),
(516, 427, 10, 800),
(517, 428, 1, 4020),
(518, 428, 3, 2000),
(519, 428, 10, 400),
(520, 429, 1, 1616.1),
(521, 429, 3, 1000),
(522, 429, 10, 410),
(523, 430, 1, 1000),
(524, 431, 1, 508),
(525, 432, 1, 3600),
(526, 433, 10, 600),
(527, 434, 1, 3600),
(528, 434, 3, 1200),
(537, 439, 1, 2400),
(538, 439, 3, 1000),
(539, 440, 1, 2488.5),
(540, 440, 3, 1400),
(541, 441, 1, 3560),
(542, 441, 3, 1000),
(543, 442, 1, 3030),
(544, 442, 3, 1200),
(545, 443, 1, 3375),
(546, 443, 3, 2000),
(547, 444, 1, 1005),
(548, 444, 3, 1600),
(549, 445, 3, 800),
(550, 446, 1, 4873.7),
(551, 447, 1, 2320.2),
(552, 447, 3, 2520),
(553, 448, 1, 2310.7),
(554, 448, 3, 200),
(555, 448, 10, 220),
(556, 449, 3, 1160),
(557, 450, 1, 1470),
(558, 450, 3, 1280),
(559, 451, 1, 868),
(560, 451, 3, 1000),
(561, 452, 3, 320),
(562, 453, 1, 447.4),
(563, 453, 3, 400),
(564, 454, 1, 3356.2),
(565, 454, 3, 2000),
(566, 455, 1, 1050),
(567, 455, 3, 1000),
(568, 455, 10, 370),
(569, 456, 1, 1373),
(570, 456, 3, 1560),
(571, 457, 1, 4010),
(572, 457, 3, 2200),
(573, 458, 1, 315.5),
(574, 458, 3, 250),
(575, 459, 1, 2073.6),
(576, 459, 10, 600),
(577, 460, 1, 2400),
(578, 460, 3, 1680),
(579, 461, 1, 3180),
(580, 462, 1, 3688.5),
(581, 462, 3, 2400),
(582, 463, 1, 3802),
(583, 464, 3, 1000),
(584, 465, 3, 1000),
(585, 465, 10, 200),
(586, 466, 1, 1911),
(587, 466, 3, 1000),
(588, 467, 1, 4600),
(589, 467, 3, 200),
(590, 468, 1, 3701.8),
(591, 469, 1, 1200),
(592, 470, 1, 4389.2),
(593, 471, 1, 875),
(594, 472, 1, 2201.2),
(595, 473, 1, 240),
(596, 473, 3, 150),
(597, 474, 1, 1769),
(598, 474, 3, 1200),
(599, 475, 1, 300),
(600, 475, 3, 2200),
(601, 476, 1, 3000),
(602, 476, 3, 3000),
(603, 477, 1, 3060),
(604, 477, 3, 3000),
(605, 478, 1, 703.7),
(606, 478, 10, 100),
(607, 479, 1, 1050),
(608, 479, 3, 750),
(609, 479, 10, 20),
(610, 480, 1, 4000),
(611, 480, 3, 3920),
(614, 482, 1, 2083.7),
(615, 482, 3, 400),
(616, 483, 1, 1015),
(617, 483, 3, 1300),
(618, 484, 1, 3694.9),
(619, 484, 3, 1880),
(620, 485, 3, 600),
(621, 486, 1, 487.7),
(622, 486, 3, 1840),
(623, 487, 1, 2756),
(624, 487, 3, 40),
(625, 488, 1, 1487.2),
(626, 489, 1, 520),
(627, 489, 3, 40),
(628, 490, 3, 340),
(642, 498, 3, 2000),
(643, 499, 1, 3567.7),
(644, 499, 3, 3000),
(645, 500, 3, 200),
(646, 501, 3, 1400),
(648, 503, 1, 3703.4),
(649, 503, 3, 880),
(650, 503, 10, 70),
(651, 504, 1, 3401),
(652, 504, 3, 200),
(653, 505, 1, 764),
(654, 506, 10, 320),
(655, 507, 1, 1793.5),
(656, 507, 3, 560),
(657, 508, 1, 28500.3),
(658, 508, 3, 19484),
(659, 509, 1, 4800),
(660, 510, 14, 158),
(661, 511, 10, 310),
(662, 512, 3, 190),
(663, 513, 1, 3645),
(664, 514, 1, 1306.2),
(665, 515, 1, 3000),
(666, 516, 1, 820),
(667, 517, 1, 1485),
(668, 518, 1, 4785.9),
(669, 519, 3, 2000),
(670, 520, 3, 360),
(671, 521, 3, 300),
(672, 522, 3, 820),
(673, 523, 3, 1160),
(674, 524, 3, 800),
(675, 525, 1, 264),
(676, 525, 3, 80),
(677, 526, 3, 680),
(678, 527, 1, 1863),
(679, 527, 3, 1600),
(680, 528, 1, 450),
(681, 528, 3, 500),
(682, 529, 1, 1884.3),
(683, 529, 3, 660),
(684, 530, 1, 1470),
(685, 530, 3, 520),
(686, 531, 1, 1095.5),
(687, 531, 3, 800),
(688, 532, 1, 1850),
(689, 532, 3, 600),
(690, 533, 1, 1525),
(691, 533, 3, 1000),
(692, 534, 1, 720),
(693, 535, 1, 550),
(694, 535, 3, 800),
(695, 536, 3, 80),
(696, 537, 1, 300),
(697, 538, 1, 4305.8),
(698, 538, 3, 1500),
(699, 539, 1, 450),
(700, 539, 3, 1200),
(701, 540, 1, 3967.9),
(702, 540, 3, 200),
(703, 540, 10, 550),
(704, 541, 1, 3600),
(705, 541, 3, 2000),
(706, 542, 1, 350),
(707, 543, 1, 600),
(708, 543, 3, 1900),
(709, 544, 1, 3850),
(710, 545, 1, 2042.8),
(711, 545, 3, 2200),
(712, 546, 1, 1130),
(713, 546, 3, 2000),
(714, 547, 3, 360),
(715, 548, 1, 2750),
(716, 549, 1, 3555),
(717, 549, 3, 760),
(718, 550, 3, 840),
(761, 571, 3, 200),
(760, 571, 1, 1475),
(763, 572, 3, 180),
(762, 572, 1, 920),
(765, 573, 3, 400),
(764, 573, 1, 535),
(757, 569, 3, 1600),
(756, 569, 1, 1863),
(727, 555, 1, 3460),
(728, 555, 3, 2230),
(729, 556, 1, 3604.8),
(730, 556, 3, 1000),
(731, 556, 10, 480),
(732, 557, 1, 3373.2),
(733, 557, 3, 3000),
(734, 557, 14, 60),
(735, 557, 10, 450),
(736, 558, 1, 1434),
(737, 558, 3, 100),
(738, 559, 1, 2800),
(739, 559, 3, 1000),
(740, 560, 1, 1850),
(741, 560, 3, 100),
(742, 561, 3, 200),
(743, 562, 1, 1350),
(744, 562, 3, 380),
(745, 563, 1, 900),
(746, 563, 3, 90),
(747, 564, 1, 563),
(748, 564, 3, 90),
(766, 574, 1, 600),
(755, 568, 1, 1210),
(751, 566, 3, 400),
(752, 567, 1, 1110),
(753, 567, 3, 800),
(754, 567, 10, 100),
(767, 575, 1, 697.4),
(768, 576, 3, 600),
(769, 577, 1, 1149.2),
(770, 578, 1, 240),
(771, 579, 1, 417),
(772, 579, 3, 200),
(773, 580, 1, 218.4),
(774, 580, 3, 100),
(775, 581, 1, 414),
(776, 582, 1, 245),
(777, 583, 1, 200),
(899, 662, 1, 34587.2),
(779, 585, 1, 2790.5),
(780, 585, 3, 2080),
(781, 586, 1, 404),
(782, 587, 3, 2200),
(783, 588, 1, 4548.1),
(784, 588, 3, 1600),
(785, 589, 1, 2676),
(786, 590, 1, 797.6),
(787, 590, 3, 1200),
(788, 591, 1, 1916),
(789, 591, 3, 120),
(790, 592, 1, 1969.2),
(791, 592, 3, 1600),
(792, 593, 3, 960),
(793, 594, 1, 288),
(794, 594, 3, 4200),
(795, 595, 1, 709.2),
(796, 596, 1, 769.5),
(797, 597, 1, 907.5),
(798, 598, 1, 585.6),
(799, 599, 1, 1275),
(800, 600, 1, 2322.9),
(801, 600, 3, 1080),
(802, 601, 1, 2340),
(803, 601, 3, 1780),
(804, 602, 1, 1224),
(805, 602, 3, 240),
(806, 603, 1, 840),
(807, 603, 3, 2000),
(808, 604, 1, 759.5),
(809, 605, 1, 675.2),
(810, 605, 3, 540),
(811, 606, 1, 812),
(812, 606, 3, 120),
(813, 607, 1, 208),
(814, 608, 1, 1515.1),
(815, 609, 1, 2436.5),
(816, 610, 1, 2810.5),
(817, 610, 3, 1530),
(818, 611, 1, 2572.6),
(819, 611, 3, 1210),
(820, 612, 1, 2368),
(821, 612, 3, 930),
(822, 613, 1, 587),
(823, 613, 3, 920),
(824, 614, 1, 2130),
(825, 614, 3, 800),
(826, 615, 1, 2509),
(827, 615, 3, 1320),
(828, 616, 1, 1766),
(829, 616, 3, 400),
(830, 617, 1, 2498.7),
(831, 617, 3, 410),
(832, 618, 1, 1094.5),
(833, 618, 3, 800),
(834, 619, 1, 2582),
(835, 619, 3, 800),
(836, 620, 1, 2418),
(837, 620, 3, 1120),
(838, 621, 1, 1300),
(839, 622, 1, 2424),
(840, 622, 3, 960),
(841, 623, 3, 1340),
(842, 624, 1, 1533),
(843, 624, 3, 300),
(844, 625, 1, 2019),
(845, 625, 3, 900),
(846, 626, 1, 653.3),
(847, 627, 1, 527),
(848, 628, 1, 2448.2),
(849, 629, 1, 2931.9),
(850, 629, 3, 150),
(851, 630, 1, 723.6),
(852, 631, 1, 1235.5),
(853, 632, 1, 1216.2),
(854, 633, 1, 2160),
(855, 634, 1, 1240.4),
(856, 634, 3, 520),
(857, 635, 3, 280),
(858, 636, 3, 240),
(859, 637, 1, 1350),
(860, 637, 10, 150),
(861, 638, 1, 2287.6),
(862, 638, 3, 1200),
(863, 638, 10, 380),
(864, 639, 1, 340),
(865, 639, 3, 280),
(866, 640, 1, 960),
(867, 641, 1, 1204.5),
(868, 642, 1, 850),
(869, 642, 3, 80),
(870, 643, 1, 606),
(871, 644, 1, 1884),
(872, 645, 1, 2109.2),
(873, 646, 1, 3240),
(874, 646, 3, 160),
(875, 647, 1, 1038),
(876, 647, 3, 800),
(877, 648, 1, 1320),
(878, 649, 1, 234),
(879, 649, 3, 350),
(880, 650, 1, 600),
(881, 650, 3, 100),
(882, 651, 1, 195),
(883, 651, 3, 200),
(884, 652, 1, 264.6),
(885, 652, 3, 50),
(886, 653, 1, 720),
(887, 653, 3, 500),
(888, 654, 1, 898),
(889, 655, 1, 469.9),
(890, 656, 1, 141.5),
(891, 657, 1, 1776),
(892, 658, 1, 420),
(893, 659, 1, 176.4),
(894, 659, 3, 130),
(900, 662, 3, 22689),
(901, 663, 16, 40),
(902, 663, 17, 40),
(903, 664, 16, 2584.3),
(904, 664, 17, 2240),
(905, 665, 16, 1203.6),
(906, 666, 16, 4580.8),
(907, 666, 17, 1000),
(908, 666, 10, 930),
(909, 667, 16, 4076),
(910, 667, 17, 4050),
(911, 668, 16, 4807.2),
(912, 668, 17, 4600),
(913, 669, 16, 5628.6),
(914, 669, 17, 900),
(915, 670, 16, 5400),
(916, 670, 17, 710),
(917, 670, 10, 400),
(918, 671, 16, 5300),
(919, 671, 17, 2280),
(920, 672, 16, 375),
(921, 672, 17, 2490),
(922, 673, 16, 1800),
(923, 673, 17, 1000),
(924, 674, 16, 1665),
(925, 675, 16, 1036),
(926, 676, 16, 912),
(927, 676, 17, 320),
(928, 677, 17, 400),
(929, 678, 16, 729),
(930, 678, 17, 600),
(931, 678, 10, 1870),
(932, 679, 3, 190),
(933, 680, 16, 4980),
(934, 680, 17, 3690),
(935, 681, 16, 3025),
(936, 681, 17, 560),
(937, 681, 10, 40),
(938, 682, 16, 4950),
(939, 682, 17, 3000),
(940, 682, 10, 40),
(941, 683, 16, 3840),
(942, 683, 17, 520),
(943, 684, 17, 3520);

-- --------------------------------------------------------

--
-- 表的结构 `rents_revert`
--

CREATE TABLE IF NOT EXISTS `rents_revert` (
  `id` int(11) NOT NULL AUTO_INCREMENT,
  `customer_id` int(11) NOT NULL,
  `revert_date` date NOT NULL,
  `remarks` varchar(500) NOT NULL,
  PRIMARY KEY (`id`),
  KEY `rents_revert_09847825` (`customer_id`)
) ENGINE=MyISAM  DEFAULT CHARSET=utf8 AUTO_INCREMENT=305 ;

--
-- 转存表中的数据 `rents_revert`
--

INSERT INTO `rents_revert` (`id`, `customer_id`, `revert_date`, `remarks`) VALUES
(5, 7, '2014-04-21', ''),
(7, 7, '2014-04-21', ''),
(8, 7, '2014-04-23', ''),
(9, 7, '2014-04-23', ''),
(10, 7, '2014-04-23', ''),
(11, 9, '2013-12-19', ''),
(12, 9, '2013-12-19', ''),
(13, 9, '2013-12-29', ''),
(14, 9, '2013-12-29', ''),
(15, 9, '2013-12-30', ''),
(16, 9, '2013-12-30', ''),
(17, 9, '2014-01-12', ''),
(18, 9, '2014-01-12', ''),
(19, 9, '2014-01-12', ''),
(20, 9, '2014-01-14', ''),
(21, 9, '2014-01-14', ''),
(22, 9, '2014-01-10', ''),
(23, 9, '2014-01-10', ''),
(24, 9, '2014-01-07', ''),
(25, 9, '2014-01-13', ''),
(26, 9, '2014-01-13', ''),
(27, 9, '2013-12-21', ''),
(28, 9, '2013-12-21', ''),
(29, 9, '2013-12-31', ''),
(30, 9, '2013-12-31', ''),
(31, 9, '2014-01-01', ''),
(32, 9, '2014-01-01', ''),
(33, 9, '2014-03-03', ''),
(34, 9, '2014-03-23', ''),
(35, 9, '2014-03-23', ''),
(36, 9, '2014-03-24', ''),
(37, 9, '2014-03-24', ''),
(38, 9, '2014-03-26', ''),
(39, 9, '2014-03-26', ''),
(40, 9, '2014-04-04', ''),
(41, 9, '2014-04-04', ''),
(42, 9, '2014-04-06', ''),
(43, 9, '2014-04-06', ''),
(44, 9, '2014-04-10', ''),
(45, 9, '2014-04-10', ''),
(46, 9, '2014-04-11', ''),
(47, 9, '2014-04-11', ''),
(48, 9, '2014-04-13', ''),
(49, 9, '2014-04-13', ''),
(50, 9, '2014-04-15', ''),
(51, 9, '2014-04-15', ''),
(52, 9, '2014-04-16', ''),
(53, 9, '2014-04-16', ''),
(54, 8, '2014-03-06', ''),
(55, 8, '2014-04-06', ''),
(56, 10, '2014-03-17', ''),
(57, 10, '2014-03-17', ''),
(58, 10, '2014-04-04', ''),
(59, 10, '2014-04-04', ''),
(60, 10, '2014-05-11', ''),
(61, 10, '2014-05-11', ''),
(62, 11, '2013-11-21', ''),
(63, 11, '2013-12-20', ''),
(64, 11, '2014-01-04', ''),
(65, 11, '2014-01-07', ''),
(66, 11, '2013-12-29', ''),
(67, 11, '2014-01-18', ''),
(68, 11, '2014-01-18', ''),
(69, 11, '2014-04-04', ''),
(70, 11, '2014-04-04', ''),
(71, 11, '2014-04-10', ''),
(72, 11, '2014-04-10', ''),
(73, 11, '2014-04-11', ''),
(74, 11, '2014-04-11', ''),
(75, 11, '2014-04-13', ''),
(76, 11, '2014-04-13', ''),
(77, 11, '2014-04-15', ''),
(78, 11, '2014-04-15', ''),
(79, 11, '2014-04-16', ''),
(80, 11, '2014-04-16', ''),
(81, 5, '2013-12-12', ''),
(82, 5, '2013-12-12', ''),
(83, 5, '2013-12-17', ''),
(84, 5, '2013-12-18', ''),
(85, 5, '2013-12-19', ''),
(86, 5, '2013-12-20', ''),
(87, 5, '2013-12-20', ''),
(88, 5, '2013-12-21', ''),
(89, 5, '2013-12-21', ''),
(90, 5, '2013-12-22', ''),
(91, 5, '2013-12-22', ''),
(92, 5, '2013-12-23', ''),
(93, 5, '2013-12-30', '3车'),
(94, 5, '2013-12-29', ''),
(95, 5, '2013-12-30', ''),
(96, 5, '2013-12-29', ''),
(97, 5, '2014-01-05', ''),
(98, 5, '2014-01-05', ''),
(99, 5, '2014-01-05', ''),
(100, 5, '2014-01-05', ''),
(101, 5, '2014-01-12', ''),
(102, 5, '2014-01-14', ''),
(103, 5, '2014-01-11', ''),
(104, 5, '2014-01-14', ''),
(105, 5, '2014-01-15', ''),
(106, 5, '2014-03-10', ''),
(107, 5, '2014-03-13', ''),
(108, 5, '2014-03-19', ''),
(109, 5, '2014-05-01', ''),
(110, 5, '2014-05-03', ''),
(111, 12, '2013-11-05', ''),
(113, 12, '2013-11-11', ''),
(114, 12, '2013-11-19', ''),
(115, 12, '2013-11-25', ''),
(116, 12, '2013-12-15', ''),
(117, 12, '2014-01-04', ''),
(118, 12, '2014-01-05', ''),
(119, 12, '2014-01-10', ''),
(120, 12, '2014-01-15', ''),
(121, 12, '2014-01-19', ''),
(122, 12, '2014-01-21', ''),
(123, 12, '2014-01-25', ''),
(124, 12, '2014-02-25', ''),
(125, 12, '2014-03-22', ''),
(126, 12, '2014-04-04', ''),
(127, 13, '2012-11-01', ''),
(128, 13, '2012-12-26', ''),
(129, 13, '2013-09-29', ''),
(130, 13, '2013-10-13', ''),
(131, 13, '2013-12-20', ''),
(132, 13, '2013-12-21', ''),
(133, 13, '2013-12-25', ''),
(134, 13, '2013-12-31', ''),
(135, 13, '2014-01-01', ''),
(136, 13, '2014-01-02', ''),
(137, 13, '2014-01-18', ''),
(138, 13, '2014-01-22', ''),
(139, 13, '2014-04-18', ''),
(140, 13, '2014-04-30', ''),
(141, 13, '2014-05-01', ''),
(142, 13, '2014-05-03', ''),
(145, 15, '2013-10-19', ''),
(146, 15, '2013-10-23', ''),
(147, 15, '2013-10-26', ''),
(148, 15, '2013-11-12', ''),
(149, 15, '2013-11-12', ''),
(150, 15, '2014-03-06', ''),
(151, 15, '2014-04-16', ''),
(152, 15, '2013-08-16', ''),
(153, 9, '2014-03-31', ''),
(154, 9, '2014-05-19', ''),
(155, 9, '2013-06-23', ''),
(156, 9, '2014-05-19', ''),
(157, 15, '2014-06-01', ''),
(158, 10, '2014-05-10', ''),
(159, 10, '2014-05-18', ''),
(160, 10, '2014-05-19', ''),
(161, 10, '2014-05-21', ''),
(162, 10, '2014-05-29', ''),
(163, 10, '2014-06-04', ''),
(164, 16, '2014-03-09', ''),
(165, 16, '2014-03-15', ''),
(166, 17, '2013-10-14', ''),
(167, 17, '2013-10-28', ''),
(168, 17, '2013-11-26', ''),
(169, 17, '2014-03-26', ''),
(170, 18, '2014-05-08', ''),
(171, 18, '2014-06-07', ''),
(172, 20, '2014-03-23', ''),
(173, 20, '2014-03-24', ''),
(174, 20, '2014-03-30', ''),
(175, 13, '2014-06-20', ''),
(176, 13, '2014-04-15', ''),
(177, 9, '2014-04-14', ''),
(178, 9, '2014-04-12', ''),
(179, 9, '2014-04-12', ''),
(180, 9, '2014-04-12', ''),
(181, 9, '2014-05-02', ''),
(182, 9, '2014-04-03', ''),
(183, 9, '2014-03-30', ''),
(184, 9, '2014-04-15', ''),
(185, 9, '2014-06-19', ''),
(186, 18, '2014-07-30', ''),
(187, 15, '2014-07-20', ''),
(188, 15, '2014-07-21', ''),
(189, 13, '2014-07-30', ''),
(190, 9, '2014-01-15', ''),
(191, 13, '2014-01-15', ''),
(192, 5, '2014-06-12', ''),
(194, 17, '2014-03-29', ''),
(195, 15, '2014-10-10', ''),
(196, 15, '2014-10-13', ''),
(197, 12, '2014-10-05', ''),
(198, 13, '2013-10-14', ''),
(199, 22, '2014-12-08', ''),
(200, 22, '2014-12-09', ''),
(201, 22, '2014-12-16', ''),
(202, 24, '2015-01-14', ''),
(203, 24, '2015-02-12', ''),
(204, 24, '2015-03-27', ''),
(205, 24, '2015-03-28', ''),
(206, 24, '2015-03-30', ''),
(207, 25, '2015-03-09', ''),
(208, 26, '2015-02-11', ''),
(209, 26, '2015-03-22', ''),
(210, 26, '2015-03-25', ''),
(211, 27, '2014-12-26', ''),
(212, 27, '2015-01-05', ''),
(213, 27, '2015-02-15', ''),
(214, 32, '2014-12-21', ''),
(215, 32, '2015-02-13', ''),
(216, 31, '2015-03-07', ''),
(217, 31, '2015-03-23', ''),
(218, 31, '2015-03-26', ''),
(219, 31, '2015-03-30', ''),
(220, 31, '2015-04-01', ''),
(221, 31, '2015-04-03', ''),
(222, 33, '2015-03-16', ''),
(223, 31, '2015-05-01', ''),
(224, 24, '2015-05-09', ''),
(225, 35, '2015-05-24', ''),
(226, 35, '2015-06-04', ''),
(227, 24, '2015-05-25', ''),
(228, 25, '2015-05-09', ''),
(229, 25, '2015-05-13', ''),
(230, 34, '2015-05-19', ''),
(240, 31, '2015-08-08', ''),
(232, 34, '2015-05-21', ''),
(233, 34, '2015-05-29', ''),
(234, 34, '2015-05-31', ''),
(235, 34, '2015-06-03', ''),
(236, 31, '2015-05-27', ''),
(238, 34, '2015-07-04', ''),
(239, 25, '2015-07-02', ''),
(241, 31, '2015-12-18', ''),
(242, 36, '2012-09-04', ''),
(243, 36, '2012-10-14', ''),
(244, 36, '2012-10-15', ''),
(245, 36, '2012-10-26', ''),
(246, 36, '2012-12-04', ''),
(247, 36, '2012-12-06', ''),
(248, 36, '2012-12-11', ''),
(249, 36, '2013-01-16', ''),
(250, 36, '2013-01-16', ''),
(251, 36, '2013-01-17', ''),
(252, 36, '2013-01-20', ''),
(253, 36, '2013-01-31', ''),
(254, 36, '2013-03-01', ''),
(255, 36, '2013-03-02', ''),
(256, 36, '2013-03-15', ''),
(257, 36, '2013-03-30', ''),
(258, 36, '2013-04-10', ''),
(259, 36, '2013-04-11', ''),
(260, 36, '2013-04-13', ''),
(262, 36, '2013-04-14', ''),
(263, 36, '2013-04-19', ''),
(264, 36, '2013-04-20', ''),
(265, 36, '2013-04-21', ''),
(266, 36, '2013-04-22', ''),
(267, 36, '2013-04-23', ''),
(268, 36, '2013-04-24', ''),
(269, 36, '2013-04-25', ''),
(270, 36, '2013-04-29', ''),
(271, 36, '2013-04-30', ''),
(272, 36, '2013-05-05', ''),
(273, 36, '2013-05-05', ''),
(274, 36, '2013-05-03', ''),
(275, 36, '2013-05-03', ''),
(277, 36, '2013-05-07', ''),
(278, 36, '2013-05-07', ''),
(279, 36, '2013-05-09', ''),
(280, 36, '2013-05-11', ''),
(281, 36, '2013-05-20', ''),
(282, 36, '2013-05-22', ''),
(283, 36, '2013-05-20', ''),
(284, 36, '2013-06-29', ''),
(285, 36, '2013-07-01', ''),
(286, 36, '2013-08-25', ''),
(288, 36, '2012-09-02', ''),
(289, 38, '2016-06-25', ''),
(290, 38, '2016-07-03', ''),
(291, 38, '2016-07-04', ''),
(292, 38, '2016-07-08', ''),
(293, 38, '2016-07-14', ''),
(294, 38, '2016-07-15', ''),
(295, 38, '2016-07-17', ''),
(296, 38, '2016-08-04', ''),
(297, 38, '2016-08-10', ''),
(298, 38, '2016-08-11', ''),
(299, 38, '2016-10-07', ''),
(300, 38, '2016-10-16', ''),
(301, 39, '2016-08-08', ''),
(302, 39, '2016-08-13', ''),
(303, 39, '2016-08-28', ''),
(304, 39, '2016-08-31', '');

-- --------------------------------------------------------

--
-- 表的结构 `rents_revertdetail`
--

CREATE TABLE IF NOT EXISTS `rents_revertdetail` (
  `id` int(11) NOT NULL AUTO_INCREMENT,
  `revert_id` int(11) NOT NULL,
  `product_id` int(11) NOT NULL,
  `quantity` double NOT NULL,
  PRIMARY KEY (`id`),
  KEY `rents_revertdetail_cbaaccef` (`revert_id`),
  KEY `rents_revertdetail_7f1b40ad` (`product_id`)
) ENGINE=MyISAM  DEFAULT CHARSET=utf8 AUTO_INCREMENT=487 ;

--
-- 转存表中的数据 `rents_revertdetail`
--

INSERT INTO `rents_revertdetail` (`id`, `revert_id`, `product_id`, `quantity`) VALUES
(5, 5, 1, 819),
(7, 7, 3, 600),
(8, 8, 3, 2900),
(9, 9, 3, 280),
(10, 10, 1, 5726.2),
(11, 11, 1, 6742.7),
(12, 12, 3, 3434),
(13, 13, 1, 7244.8),
(14, 14, 3, 4821),
(15, 15, 1, 7855.9),
(16, 16, 3, 899),
(17, 17, 1, 9216.3),
(18, 18, 1, 148),
(19, 19, 3, 14534),
(20, 20, 1, 6526.1),
(21, 21, 3, 4731),
(22, 22, 1, 7248.5),
(23, 23, 3, 640),
(24, 24, 1, 2842.7),
(25, 25, 1, 2491.8),
(26, 26, 3, 1016),
(27, 27, 1, 3740.4),
(28, 28, 3, 1970),
(29, 29, 1, 7996),
(30, 30, 3, 3792),
(31, 31, 1, 2564.4),
(32, 32, 3, 4778),
(33, 33, 1, 1585),
(34, 34, 1, 4740),
(35, 35, 3, 2097),
(36, 36, 1, 3752.6),
(37, 37, 3, 190),
(38, 38, 1, 861),
(39, 39, 3, 263),
(40, 40, 1, 4229.1),
(41, 41, 3, 1807),
(42, 42, 1, 6196.4),
(43, 43, 1, 5793.4),
(44, 44, 1, 4092.3),
(45, 45, 3, 4675),
(46, 46, 1, 3350.1),
(47, 47, 3, 102),
(48, 48, 1, 3892.9),
(49, 49, 3, 78),
(50, 50, 1, 2283),
(51, 51, 3, 3244),
(52, 52, 1, 2529.8),
(53, 53, 3, 1195),
(54, 54, 1, 2940),
(55, 55, 1, 4549.5),
(56, 56, 1, 3279.5),
(57, 57, 3, 31),
(58, 58, 1, 1369.2),
(59, 59, 3, 17),
(60, 60, 1, 2997.2),
(61, 61, 3, 896),
(62, 62, 3, 200),
(63, 63, 1, 2410.1),
(64, 64, 1, 2819.8),
(65, 65, 1, 2842.7),
(66, 66, 1, 3060.7),
(67, 67, 1, 6916.3),
(68, 68, 3, 5919),
(69, 69, 1, 778.5),
(70, 70, 3, 28),
(71, 71, 1, 3755.3),
(72, 72, 3, 4219),
(73, 73, 1, 3350.1),
(74, 74, 3, 102),
(75, 75, 1, 3892.9),
(76, 76, 3, 78),
(77, 77, 1, 2283),
(78, 78, 3, 3244),
(79, 79, 1, 488.7),
(80, 80, 3, 242),
(81, 81, 1, 3912),
(82, 82, 1, 3092.4),
(83, 82, 3, 12),
(84, 82, 10, 4),
(85, 83, 1, 3877.5),
(86, 83, 3, 400),
(87, 84, 1, 3424),
(88, 85, 1, 6742.7),
(89, 85, 3, 3434),
(90, 86, 1, 225.9),
(91, 86, 3, 5880),
(92, 87, 1, 4063.5),
(93, 88, 1, 3690),
(94, 89, 1, 3289.1),
(95, 90, 1, 3820.4),
(96, 91, 1, 3515.2),
(97, 92, 1, 1729.7),
(98, 93, 1, 1423),
(99, 93, 3, 27194),
(100, 94, 1, 7244.8),
(101, 94, 3, 4821),
(102, 95, 1, 4825.9),
(103, 95, 3, 781),
(104, 96, 1, 18918.7),
(105, 97, 1, 3816),
(106, 98, 1, 5053.5),
(107, 99, 1, 3883.7),
(108, 100, 1, 4704.2),
(109, 101, 1, 9364.3),
(110, 101, 3, 14534),
(111, 102, 1, 6526.1),
(112, 102, 3, 4731),
(113, 103, 1, 9765.9),
(114, 104, 1, 3957),
(115, 105, 1, 1915.6),
(116, 106, 1, 3787.3),
(117, 106, 3, 192),
(118, 107, 1, 3552.4),
(119, 107, 3, 3698),
(120, 108, 1, 2752.9),
(121, 109, 1, 3552.1),
(122, 109, 3, 2160),
(123, 110, 1, 2748.7),
(124, 110, 3, 1360),
(125, 111, 1, 2010.5),
(127, 113, 1, 2747.4),
(128, 113, 10, 323),
(129, 114, 1, 4057.8),
(130, 114, 3, 200),
(131, 114, 10, 360),
(132, 115, 1, 1301.3),
(133, 115, 3, 268),
(134, 115, 10, 1261),
(135, 116, 3, 279),
(136, 117, 1, 3331),
(137, 117, 3, 169),
(138, 118, 1, 3401.4),
(139, 119, 1, 7248.5),
(140, 119, 3, 640),
(141, 120, 1, 2392.1),
(142, 120, 3, 3592),
(143, 121, 1, 2582.9),
(144, 121, 3, 7862),
(145, 122, 1, 3631.2),
(146, 123, 1, 8379.5),
(147, 123, 3, 1227),
(148, 124, 1, 6689),
(149, 124, 3, 5420),
(150, 125, 1, 1809.1),
(151, 125, 3, 2228),
(152, 125, 10, 245),
(153, 126, 1, 3451),
(154, 126, 3, 1677),
(155, 127, 1, 7256.3),
(156, 128, 1, 6167.5),
(157, 128, 3, 3950),
(158, 129, 1, 2105.5),
(159, 129, 3, 1653),
(160, 129, 10, 223),
(161, 130, 1, 6921.3),
(162, 130, 3, 6),
(163, 130, 10, 7),
(164, 131, 1, 3202.1),
(165, 131, 3, 3137),
(166, 131, 10, 139),
(167, 132, 1, 3740.4),
(168, 132, 3, 1970),
(169, 133, 1, 802.6),
(170, 133, 3, 10),
(171, 133, 10, 320),
(172, 134, 1, 7996),
(173, 134, 3, 3792),
(174, 135, 1, 2564.4),
(175, 135, 3, 4778),
(176, 136, 1, 250),
(177, 136, 3, 1028),
(178, 136, 10, 308),
(179, 137, 1, 3131.9),
(180, 137, 3, 17),
(181, 137, 10, 721),
(182, 138, 1, 2447.3),
(183, 138, 10, 147),
(184, 139, 1, 4586.1),
(185, 139, 3, 18215),
(186, 139, 10, 1876),
(187, 140, 1, 4480.4),
(188, 140, 10, 5),
(189, 141, 1, 4243.8),
(190, 141, 10, 14),
(191, 142, 1, 2829.4),
(192, 142, 3, 8286),
(193, 142, 10, 733),
(196, 145, 1, 6013.3),
(197, 145, 3, 127),
(198, 145, 10, 335),
(199, 146, 1, 2382.2),
(200, 146, 3, 10),
(201, 146, 10, 72),
(202, 147, 1, 1629.9),
(203, 147, 3, 23),
(204, 147, 10, 63),
(205, 148, 1, 1117.8),
(206, 148, 3, 2910),
(207, 149, 1, 3533.8),
(208, 149, 3, 67),
(209, 149, 10, 1022),
(210, 150, 1, 3397.3),
(211, 150, 3, 1820),
(212, 150, 10, 35),
(213, 151, 1, 2529.8),
(214, 151, 3, 3310),
(215, 151, 10, 44),
(216, 152, 1, 310.5),
(217, 152, 3, 249),
(218, 153, 1, 650),
(219, 154, 1, 4213.7),
(220, 154, 3, 35),
(221, 155, 1, 1485),
(222, 156, 1, 966.9),
(223, 157, 1, 4059.7),
(224, 157, 3, 2022),
(225, 157, 10, 5),
(226, 158, 1, 3973.5),
(227, 158, 3, 2100),
(228, 159, 1, 2682),
(229, 159, 3, 1385),
(230, 160, 1, 4213.7),
(231, 160, 3, 2301),
(232, 161, 1, 6969.5),
(233, 161, 3, 3280),
(234, 162, 1, 7755.1),
(235, 162, 3, 4920),
(236, 163, 1, 3691.6),
(237, 163, 3, 1802),
(238, 164, 1, 1208.7),
(239, 164, 3, 517),
(240, 164, 10, 10),
(241, 165, 1, 701.3),
(242, 165, 10, 90),
(243, 166, 1, 2574.2),
(244, 166, 3, 800),
(245, 167, 1, 1168.4),
(246, 167, 3, 2558),
(247, 168, 1, 1052.5),
(248, 168, 3, 710),
(249, 168, 10, 2),
(250, 169, 1, 861),
(251, 169, 3, 263),
(252, 170, 1, 1886.5),
(253, 170, 3, 1173),
(254, 171, 1, 353.3),
(255, 171, 3, 41),
(256, 172, 1, 4740),
(257, 172, 3, 2097),
(258, 173, 1, 3752.6),
(259, 173, 3, 190),
(260, 174, 3, 1606),
(261, 175, 1, 7411.1),
(262, 175, 3, 4739),
(263, 176, 1, 34288.6),
(264, 176, 3, 14),
(265, 177, 1, 3820.5),
(266, 178, 1, 4265.6),
(267, 179, 1, 4123.3),
(268, 179, 3, 3),
(269, 180, 1, 3829.9),
(270, 181, 1, 5226.7),
(271, 182, 1, 4111.6),
(272, 182, 3, 9),
(273, 183, 1, 4746),
(274, 183, 3, 2),
(275, 184, 1, 4165),
(276, 185, 1, 1803.6),
(277, 185, 3, 3800),
(278, 186, 1, 1261.9),
(279, 186, 3, 601),
(280, 187, 1, 4155.5),
(281, 188, 1, 2718.9),
(282, 188, 3, 4609),
(283, 189, 1, 3136),
(284, 189, 3, 218),
(285, 189, 10, 87),
(286, 190, 1, 8510.4),
(287, 190, 3, 2973),
(288, 191, 1, 8510.4),
(289, 191, 3, 2973),
(290, 192, 1, 18248.2),
(291, 192, 3, 9700),
(293, 194, 3, 297),
(294, 195, 1, 11249.5),
(295, 195, 3, 63),
(296, 195, 10, 16),
(297, 196, 1, 4244.7),
(298, 196, 3, 76),
(299, 196, 10, 17),
(300, 197, 1, 67070.6),
(301, 198, 1, 2971),
(302, 198, 3, 4044),
(303, 198, 10, 229),
(304, 199, 1, 4100),
(305, 199, 3, 502),
(306, 199, 10, 216),
(307, 200, 1, 3870.2),
(308, 200, 10, 5),
(309, 201, 1, 1951.6),
(310, 201, 3, 1290),
(311, 201, 10, 195),
(312, 202, 1, 3900),
(313, 203, 1, 900),
(314, 203, 14, 116),
(315, 203, 10, 310),
(316, 204, 1, 1959.1),
(317, 205, 1, 2745.4),
(318, 206, 1, 3058.5),
(319, 207, 3, 2000),
(320, 208, 1, 1412.6),
(321, 208, 3, 900),
(322, 209, 1, 680.3),
(323, 209, 3, 865),
(324, 210, 3, 1946),
(325, 211, 3, 678),
(326, 212, 1, 176),
(327, 212, 3, 82),
(328, 213, 1, 88),
(329, 214, 1, 1379.9),
(330, 214, 3, 728),
(331, 215, 1, 320.3),
(332, 215, 3, 128),
(333, 216, 1, 3889.3),
(334, 217, 1, 3563.9),
(335, 218, 1, 3975.5),
(336, 219, 1, 4148.9),
(337, 220, 1, 2168.7),
(338, 220, 3, 7706),
(339, 221, 1, 3436.3),
(340, 221, 3, 1057),
(341, 222, 1, 6051.3),
(342, 222, 3, 1025),
(343, 223, 1, 2239.6),
(344, 223, 3, 2762),
(345, 224, 1, 3376.6),
(346, 225, 1, 2308.5),
(347, 225, 3, 1300),
(348, 225, 10, 61),
(349, 226, 1, 1504.7),
(350, 226, 3, 516),
(351, 226, 10, 36),
(352, 227, 14, 38),
(353, 228, 1, 883.4),
(354, 229, 1, 2225.4),
(355, 230, 1, 3348.4),
(356, 230, 3, 3),
(357, 230, 10, 8),
(380, 241, 1, 246.1),
(379, 240, 3, 660),
(378, 240, 1, 2089.6),
(361, 232, 1, 3506.6),
(362, 232, 3, 28),
(363, 233, 3, 295),
(364, 234, 1, 5088),
(365, 234, 3, 27),
(366, 234, 10, 13),
(367, 235, 3, 4097),
(368, 235, 10, 497),
(369, 236, 1, 3572.7),
(370, 236, 3, 1293),
(374, 238, 3, 2251),
(373, 238, 1, 4179.9),
(375, 238, 10, 278),
(376, 238, 14, 48),
(377, 239, 1, 1951.6),
(381, 241, 3, 113),
(382, 242, 1, 1558.9),
(383, 243, 1, 3620.2),
(384, 243, 3, 3875),
(385, 244, 1, 1485.2),
(386, 244, 3, 60),
(387, 245, 1, 4098.3),
(388, 245, 3, 2277),
(389, 246, 1, 2642.9),
(390, 247, 1, 923.2),
(391, 248, 1, 604.3),
(392, 249, 1, 2390.5),
(393, 249, 3, 1233),
(394, 250, 1, 3256),
(395, 250, 3, 2112),
(396, 251, 1, 4357.8),
(397, 251, 3, 1619),
(398, 252, 1, 1923.3),
(399, 253, 1, 1767.4),
(400, 253, 3, 1097),
(401, 254, 1, 1856.1),
(402, 254, 3, 540),
(403, 255, 1, 927.4),
(404, 255, 3, 546),
(405, 256, 1, 1279.9),
(406, 257, 1, 1511.5),
(407, 258, 1, 2343.2),
(408, 258, 3, 56),
(409, 259, 1, 2193.2),
(410, 260, 1, 965.4),
(411, 260, 3, 1347),
(412, 260, 10, 139),
(416, 262, 3, 565),
(415, 262, 1, 1039.4),
(417, 262, 10, 62),
(418, 263, 1, 4378.4),
(419, 263, 3, 2667),
(420, 264, 1, 4316.4),
(421, 264, 3, 2230),
(422, 265, 1, 1598.3),
(423, 265, 3, 2070),
(424, 265, 10, 139),
(425, 266, 1, 1079.5),
(426, 266, 3, 1320),
(427, 267, 1, 2398.5),
(428, 268, 1, 4146.4),
(429, 268, 3, 2600),
(430, 269, 1, 3893),
(431, 269, 3, 2880),
(432, 270, 1, 2297.6),
(433, 271, 1, 2927.4),
(434, 271, 3, 2755),
(435, 272, 1, 1732.2),
(436, 273, 1, 1971.3),
(437, 273, 3, 235),
(438, 274, 1, 2084),
(439, 274, 3, 1910),
(440, 275, 1, 2354.4),
(442, 277, 1, 716),
(443, 277, 3, 2130),
(444, 278, 1, 1823.6),
(445, 278, 3, 1201),
(446, 279, 1, 3087.8),
(447, 279, 3, 1720),
(448, 280, 1, 5221.4),
(449, 280, 3, 2750),
(450, 281, 1, 2107),
(451, 282, 3, 2077.9),
(452, 283, 1, 2120.3),
(453, 284, 1, 1838.3),
(454, 285, 1, 2522.7),
(455, 286, 1, 577.4),
(456, 286, 3, 274),
(459, 288, 1, 1581.9),
(460, 289, 16, 5244.6),
(461, 290, 16, 5263.1),
(462, 291, 16, 4314.6),
(463, 291, 17, 4000),
(464, 292, 16, 596.2),
(465, 292, 17, 2532),
(466, 293, 16, 2378.1),
(467, 294, 16, 2752.6),
(468, 295, 16, 3552.7),
(469, 295, 17, 4965),
(470, 296, 16, 5002.7),
(471, 296, 17, 384),
(472, 297, 16, 4728.4),
(473, 297, 17, 25),
(474, 298, 17, 4339),
(475, 299, 16, 2725.4),
(476, 299, 17, 1690),
(477, 300, 16, 2345.5),
(478, 300, 17, 1586),
(479, 301, 16, 3279.4),
(480, 301, 17, 1939),
(481, 302, 16, 7965),
(482, 302, 17, 3365),
(483, 303, 16, 4171),
(484, 303, 17, 3508),
(485, 304, 16, 604.4),
(486, 304, 17, 380);

/*!40101 SET CHARACTER_SET_CLIENT=@OLD_CHARACTER_SET_CLIENT */;
/*!40101 SET CHARACTER_SET_RESULTS=@OLD_CHARACTER_SET_RESULTS */;
/*!40101 SET COLLATION_CONNECTION=@OLD_COLLATION_CONNECTION */;
